"GEOID","DENSITY"
"1400000US36005000100",-0.873225563717822
"1400000US36005000200",-0.690469653225613
"1400000US36005000400",-0.945788822445825
"1400000US36005001600",-0.535643187726212
"1400000US36005001900",-1.30199707440755
"1400000US36005002000",0.228672370990268
"1400000US36005002300",2.06815518389584
"1400000US36005002400",-1.3869571174557
"1400000US36005002500",1.76289083380314
"1400000US36005002701",1.35407214023451
"1400000US36005002702",0.694692890829075
"1400000US36005002800",-0.407714159824479
"1400000US36005003100",-0.639253118454099
"1400000US36005003300",0.270553964922635
"1400000US36005003500",0.55176627464401
"1400000US36005003700",-1.2803823622865
"1400000US36005003800",0.072403531825888
"1400000US36005003900",0.805299435642291
"1400000US36005004001",-0.543113893283156
"1400000US36005004100",1.04098938300781
"1400000US36005004200",-0.305411937521595
"1400000US36005004300",0.2550129989825
"1400000US36005004400",-0.0538635771839085
"1400000US36005004600",-0.545334064888214
"1400000US36005004800",0.52811028978578
"1400000US36005005001",2.17814278548359
"1400000US36005005002",2.35571862719229
"1400000US36005005100",-0.517989118514582
"1400000US36005005200",-0.572769590329965
"1400000US36005005300",3.70021093431072
"1400000US36005005400",0.758283160630746
"1400000US36005005600",0.0700938242617924
"1400000US36005005902",1.30156277904416
"1400000US36005006000",-1.13493747083263
"1400000US36005006100",-0.265703110478496
"1400000US36005006200",1.11125111719944
"1400000US36005006300",-1.01116858671467
"1400000US36005006400",0.380149044820579
"1400000US36005006500",0.100953634333304
"1400000US36005006700",1.01975094629006
"1400000US36005006800",-0.0312300423060329
"1400000US36005006900",1.55879466512787
"1400000US36005007000",0.250688893995344
"1400000US36005007100",-0.858677337970917
"1400000US36005007200",0.483359927721751
"1400000US36005007300",0.646232485663148
"1400000US36005007400",0.0639504495772953
"1400000US36005007500",0.177156854296115
"1400000US36005007600",0.362983117380629
"1400000US36005007700",-0.13688462889354
"1400000US36005007800",0.141397324357634
"1400000US36005007900",1.10324526100425
"1400000US36005008300",0.719119389265093
"1400000US36005008400",-0.278781674282416
"1400000US36005008500",0.812052202339152
"1400000US36005008600",0.242008538972954
"1400000US36005008700",0.486457974692393
"1400000US36005008900",0.735864729429457
"1400000US36005009000",-1.11064895299967
"1400000US36005009200",-0.197096202713065
"1400000US36005009300",-1.18505077099362
"1400000US36005009600",-1.11573785679582
"1400000US36005009800",-0.672478167283771
"1400000US36005011000",-1.38205040531654
"1400000US36005011502",-0.458870640917844
"1400000US36005011700",-1.30264225920345
"1400000US36005011800",-1.04282415333402
"1400000US36005011900",1.13094028557889
"1400000US36005012101",0.55691390078017
"1400000US36005012102",0.963806272067117
"1400000US36005012300",-0.342630912226038
"1400000US36005012500",0.306498599600811
"1400000US36005012701",0.144213915413832
"1400000US36005012901",0.492411080247002
"1400000US36005013000",-0.736817407363758
"1400000US36005013100",0.221630121960349
"1400000US36005013200",-0.672269586423141
"1400000US36005013300",1.51296709368748
"1400000US36005013500",0.179691066438566
"1400000US36005013800",-1.09420829276461
"1400000US36005014100",0.0335283727457167
"1400000US36005014300",-0.821237326567034
"1400000US36005014400",-0.275405495783998
"1400000US36005014500",0.959550627894176
"1400000US36005014701",2.0178287097282
"1400000US36005014702",1.82946841591605
"1400000US36005014900",0.777457320467898
"1400000US36005015100",0.50312110419933
"1400000US36005015200",-0.822601879570473
"1400000US36005015300",-0.122232457986206
"1400000US36005015500",0.465359266340368
"1400000US36005015700",-0.568408574369856
"1400000US36005015800",-0.845599871217451
"1400000US36005015900",0.144694071302186
"1400000US36005016000",-0.829546511438372
"1400000US36005016100",-0.0581768251201147
"1400000US36005016200",-0.670373425422544
"1400000US36005016300",-1.38739060297923
"1400000US36005016400",-0.87848856018513
"1400000US36005016500",-0.967469159695017
"1400000US36005016600",-0.861901182717146
"1400000US36005016700",-0.667989767364183
"1400000US36005016900",-0.0769852951641719
"1400000US36005017100",-1.38739060297923
"1400000US36005017300",1.26488083024099
"1400000US36005017500",1.95052224323565
"1400000US36005017701",1.56107372974862
"1400000US36005017702",1.11210320388628
"1400000US36005017901",3.07607326396697
"1400000US36005017902",1.99963771475846
"1400000US36005018101",1.74130741333529
"1400000US36005018102",2.83254557631586
"1400000US36005018301",3.4937575385946
"1400000US36005018302",0.990630281574746
"1400000US36005018400",-0.75389569045239
"1400000US36005018500",-0.061901205698747
"1400000US36005018900",0.235100695123241
"1400000US36005019300",0.286088116533513
"1400000US36005019400",-1.22829106646309
"1400000US36005019500",1.19558692185884
"1400000US36005019700",2.32230836118153
"1400000US36005019900",1.97752391879019
"1400000US36005020000",-0.368637028124608
"1400000US36005020100",-0.357463434581401
"1400000US36005020200",-0.123194001160655
"1400000US36005020400",0.221078271653384
"1400000US36005020501",0.482811142898694
"1400000US36005020502",-0.147111925255874
"1400000US36005020601",0.097735871602812
"1400000US36005020900",1.02195024848428
"1400000US36005021001",1.85519890817839
"1400000US36005021002",1.5118102846347
"1400000US36005021100",1.29227478640794
"1400000US36005021200",2.45524228685447
"1400000US36005021301",-0.0764316344889679
"1400000US36005021302",1.01431559707853
"1400000US36005021501",1.47436615025787
"1400000US36005021502",1.46126659727764
"1400000US36005021601",0.488304586763087
"1400000US36005021602",1.15893844074518
"1400000US36005021700",1.05047168498518
"1400000US36005021800",0.0970540283772702
"1400000US36005021900",-0.679850307607624
"1400000US36005022000",-0.919336739010333
"1400000US36005022101",2.72318858477078
"1400000US36005022102",3.66639159521917
"1400000US36005022200",-0.255455125081982
"1400000US36005022300",2.64908596160341
"1400000US36005022401",0.948081474747981
"1400000US36005022403",0.481990271499687
"1400000US36005022404",2.17318375590069
"1400000US36005022500",1.75563481390137
"1400000US36005022701",1.86395490167652
"1400000US36005022702",1.19386895022481
"1400000US36005022703",1.35768186640377
"1400000US36005022800",1.25646897160448
"1400000US36005022901",1.90006567009807
"1400000US36005022902",1.1604258063318
"1400000US36005023000",-0.0322222019286624
"1400000US36005023100",-0.466762066578753
"1400000US36005023200",-0.0221289596641626
"1400000US36005023301",1.27805438034493
"1400000US36005023302",2.44594242708684
"1400000US36005023501",2.28639086604492
"1400000US36005023502",1.98243327456172
"1400000US36005023600",0.127180085068236
"1400000US36005023702",0.522650654412816
"1400000US36005023703",2.43584711362856
"1400000US36005023704",2.69126700275619
"1400000US36005023800",-0.826374437750092
"1400000US36005023900",2.06532720686613
"1400000US36005024000",-0.198857983233534
"1400000US36005024100",1.97747950294231
"1400000US36005024300",1.36233628569267
"1400000US36005024400",-0.495236664099514
"1400000US36005024501",1.81431187572929
"1400000US36005024502",1.26387666716991
"1400000US36005024600",-0.398903348456776
"1400000US36005024700",-0.465097353152084
"1400000US36005024800",-0.501382888217589
"1400000US36005024900",-1.38739060297923
"1400000US36005025000",-0.427192482244664
"1400000US36005025100",1.00627439053116
"1400000US36005025200",-0.41610060495743
"1400000US36005025300",2.30460642252552
"1400000US36005025400",-0.543292428853458
"1400000US36005025500",1.35403014681308
"1400000US36005025600",-0.74412652821599
"1400000US36005025700",-0.497443629937787
"1400000US36005026100",-0.571656280407678
"1400000US36005026300",1.83100959912719
"1400000US36005026400",-0.538701143793365
"1400000US36005026500",1.15504700072474
"1400000US36005026601",-0.121335373856934
"1400000US36005026602",-0.115564333519667
"1400000US36005026701",2.75235625574631
"1400000US36005026702",1.72569557398104
"1400000US36005026900",-0.669831733150933
"1400000US36005027300",1.33955511570118
"1400000US36005027401",-0.889727451292227
"1400000US36005027402",-0.877986948560591
"1400000US36005027600",-1.3646947894907
"1400000US36005027700",0.769626875898609
"1400000US36005027900",0.539196446285692
"1400000US36005028100",0.768346603866758
"1400000US36005028300",-0.417150642758045
"1400000US36005028400",-1.3287554879654
"1400000US36005028500",-0.476246133671515
"1400000US36005028600",-0.932769872528491
"1400000US36005028700",0.110879425151928
"1400000US36005028800",-0.711669561903775
"1400000US36005028900",0.275051001445295
"1400000US36005029301",-0.913647266672057
"1400000US36005029302",-0.515757006269614
"1400000US36005029500",-0.0549799545273667
"1400000US36005029600",-1.13064322066591
"1400000US36005029700",-0.306121042165031
"1400000US36005030000",-0.358465733670082
"1400000US36005030100",-0.725691378863679
"1400000US36005030200",0.0788016343683921
"1400000US36005030701",-0.378475993373476
"1400000US36005030900",-1.18000581855989
"1400000US36005031000",-0.876636805079213
"1400000US36005031200",-0.8377854010505
"1400000US36005031400",-0.7026911119669
"1400000US36005031600",-0.61748777057938
"1400000US36005031800",-0.644406110173818
"1400000US36005031900",-1.12933545059523
"1400000US36005032300",-0.738025654243439
"1400000US36005032400",-0.580665165548832
"1400000US36005032600",-0.690113202567799
"1400000US36005032800",0.0361195961824642
"1400000US36005033000",0.635834160232491
"1400000US36005033201",1.25465988141732
"1400000US36005033202",1.26089866041275
"1400000US36005033400",-1.35481910922753
"1400000US36005033500",-1.15737591970017
"1400000US36005033600",1.06963511056754
"1400000US36005033700",-0.988549428211975
"1400000US36005033800",0.344836553559666
"1400000US36005034000",0.74810400181841
"1400000US36005034200",-0.605424657731114
"1400000US36005034300",-0.392538927947678
"1400000US36005034400",-0.577865868522098
"1400000US36005034500",-0.426929840648363
"1400000US36005034800",-0.36160504976027
"1400000US36005035000",-0.651882806124167
"1400000US36005035100",-0.973003559368297
"1400000US36005035600",-1.01593422639383
"1400000US36005035800",-0.58381990273805
"1400000US36005035900",-0.190601893532213
"1400000US36005036000",-0.643046456960698
"1400000US36005036100",1.32788376185912
"1400000US36005036300",1.07780588579384
"1400000US36005036400",-0.461548234721832
"1400000US36005036501",1.69199804839977
"1400000US36005036502",0.419769868920995
"1400000US36005036700",0.662877789371584
"1400000US36005036800",-0.518872737760241
"1400000US36005036901",0.178732300502216
"1400000US36005036902",0.887129543037167
"1400000US36005037000",-0.326124513979837
"1400000US36005037100",0.179462457800881
"1400000US36005037200",-0.515200929745274
"1400000US36005037300",0.857420309794519
"1400000US36005037400",0.120602820898988
"1400000US36005037504",-0.26222405229609
"1400000US36005037600",-0.142580184180033
"1400000US36005037800",0.331665105605461
"1400000US36005037900",0.551984629891922
"1400000US36005038000",0.171956690753861
"1400000US36005038100",1.74540622979784
"1400000US36005038200",-0.176232354079147
"1400000US36005038301",2.30580618489612
"1400000US36005038302",1.69362328568432
"1400000US36005038500",0.436714239748412
"1400000US36005038600",-0.0627736699960341
"1400000US36005038700",-0.102485408336095
"1400000US36005038800",-0.103888891988832
"1400000US36005038900",0.857850965067683
"1400000US36005039000",-0.188238208664283
"1400000US36005039100",1.09319016468511
"1400000US36005039200",-0.0309519589807981
"1400000US36005039300",1.87934057056583
"1400000US36005039400",0.918230914520133
"1400000US36005039500",-0.647063353893234
"1400000US36005039600",-0.155432326369216
"1400000US36005039700",-0.868396926825742
"1400000US36005039800",-0.266568933933202
"1400000US36005039901",1.11393028796588
"1400000US36005039902",1.76365630307582
"1400000US36005040100",0.585787091038394
"1400000US36005040302",3.72998603613193
"1400000US36005040303",2.38644105564385
"1400000US36005040304",2.73694150898263
"1400000US36005040400",-0.361684961145226
"1400000US36005040501",2.58017398351731
"1400000US36005040502",2.17089059145429
"1400000US36005040600",-0.243202460876435
"1400000US36005040701",2.82069804556055
"1400000US36005040702",1.2906303661202
"1400000US36005040800",1.08989038367055
"1400000US36005040900",-1.06368799532466
"1400000US36005041100",0.389802967680419
"1400000US36005041300",1.72395052350177
"1400000US36005041400",-0.683629229779199
"1400000US36005041500",1.54923539967229
"1400000US36005041800",-0.408589286194568
"1400000US36005041900",0.120811293512986
"1400000US36005042000",0.485545878705028
"1400000US36005042100",0.355456161346467
"1400000US36005042200",-0.091941492666283
"1400000US36005042300",0.269528219295441
"1400000US36005042400",-0.351534166717108
"1400000US36005042500",0.322794525141346
"1400000US36005042600",-0.46607541788715
"1400000US36005042800",-0.447071666847222
"1400000US36005042901",1.06139381713047
"1400000US36005042902",1.53816348798464
"1400000US36005043000",-0.358192926788357
"1400000US36005043100",1.91740290140399
"1400000US36005043400",-0.637474686377911
"1400000US36005043500",-1.3869662366871
"1400000US36005043600",-0.425370342165068
"1400000US36005044200",-0.298017328256084
"1400000US36005044400",-0.609621199187163
"1400000US36005044800",-0.504893282973582
"1400000US36005044901",-0.545643035595119
"1400000US36005044902",-0.476719337749862
"1400000US36005045101",-0.694372245010972
"1400000US36005045102",-0.717454523836674
"1400000US36005045600",-1.13019265429584
"1400000US36005045800",0.483042099780466
"1400000US36005046000",-0.690110375886889
"1400000US36005046201",-0.451419332730987
"1400000US36005046202",-0.747264453991778
"1400000US36005048400",-1.01061432952758
"1400000US36005050400",-1.38699556280415
"1400000US36005051600",-1.19184018891363
"1400000US36047000100",0.0341057833660202
"1400000US36047000200",-1.01767651568828
"1400000US36047000301",0.063369357868456
"1400000US36047000501",2.32664052738914
"1400000US36047000502",0.512391056055831
"1400000US36047000700",0.0244561728363682
"1400000US36047000900",0.505481593455725
"1400000US36047001100",-1.35089278885316
"1400000US36047001300",-0.816891545431706
"1400000US36047001500",-0.543385970090854
"1400000US36047001800",-1.32282279810999
"1400000US36047002000",-0.593028164521815
"1400000US36047002100",-0.853832552979972
"1400000US36047002200",-0.382292829345883
"1400000US36047002300",0.321098407536753
"1400000US36047002901",0.884826622810063
"1400000US36047003000",-0.256031853134721
"1400000US36047003100",-0.759677291508421
"1400000US36047003300",-0.352774290452601
"1400000US36047003400",-0.91414063201867
"1400000US36047003500",-0.532078800261838
"1400000US36047003600",0.835580823206236
"1400000US36047003700",-1.21702351432418
"1400000US36047003800",-0.545903732170848
"1400000US36047003900",-0.34738252185969
"1400000US36047004100",0.238574198467154
"1400000US36047004300",-0.0628774133341063
"1400000US36047004400",-0.98658623711735
"1400000US36047004500",0.0401344269906035
"1400000US36047004600",-1.09464281782211
"1400000US36047004700",-1.06714697925851
"1400000US36047004900",0.50142739846646
"1400000US36047005000",-0.703277619415393
"1400000US36047005100",-0.511641517652755
"1400000US36047005201",-0.453916699369263
"1400000US36047005202",-0.159880006639959
"1400000US36047005300",-1.30351373237417
"1400000US36047005400",-0.00829608118528536
"1400000US36047005601",-0.365555729617832
"1400000US36047005602",-0.67703950745191
"1400000US36047005800",-0.193590378819763
"1400000US36047005900",-1.10382131201254
"1400000US36047006000",-0.0284528010528195
"1400000US36047006200",-0.100123252781399
"1400000US36047006300",-0.0144633761695917
"1400000US36047006400",-0.134046219066231
"1400000US36047006500",0.127269379340987
"1400000US36047006600",0.357078530875165
"1400000US36047006700",0.160515444350274
"1400000US36047006800",0.534714910726138
"1400000US36047006900",0.0587028885564926
"1400000US36047007000",-0.222095487939295
"1400000US36047007100",0.577078354865338
"1400000US36047007200",0.779319873952298
"1400000US36047007400",1.39080383095566
"1400000US36047007500",-0.252550975961246
"1400000US36047007600",0.941674798647024
"1400000US36047007700",-0.658895405694583
"1400000US36047007800",1.29926593960475
"1400000US36047008000",0.866436743629942
"1400000US36047008200",0.862813618587187
"1400000US36047008400",-0.369889304326883
"1400000US36047008500",0.704598771073209
"1400000US36047008600",-1.38739060297923
"1400000US36047008800",-0.147443033153071
"1400000US36047009000",0.0888465718431959
"1400000US36047009200",2.0970189185767
"1400000US36047009400",1.42686637547178
"1400000US36047009600",1.58788470168817
"1400000US36047009800",2.01828710649072
"1400000US36047010000",1.87991035381181
"1400000US36047010100",-0.41922546931962
"1400000US36047010200",1.31268957267785
"1400000US36047010400",1.45261772404867
"1400000US36047010600",1.45093371953175
"1400000US36047010800",1.17314386083791
"1400000US36047011000",-0.256653098606012
"1400000US36047011200",1.36328238498746
"1400000US36047011400",0.34756502758399
"1400000US36047011600",0.812789982717637
"1400000US36047011700",-0.532925820635654
"1400000US36047011800",-0.634959860281982
"1400000US36047011900",-1.21810146063679
"1400000US36047012000",-0.906282463616972
"1400000US36047012100",-0.586756500895417
"1400000US36047012200",0.655530106088281
"1400000US36047012600",-0.530031696459769
"1400000US36047012700",0.184132908031119
"1400000US36047012801",-0.0392991486516417
"1400000US36047012901",-0.232615693637581
"1400000US36047012902",-0.255679371143326
"1400000US36047013000",0.601267318430105
"1400000US36047013100",0.404824291602539
"1400000US36047013200",-0.327732414860256
"1400000US36047013300",0.451655858129156
"1400000US36047013400",-0.32093884673215
"1400000US36047013500",0.346291702962765
"1400000US36047013600",-0.0556134368595547
"1400000US36047013700",0.0807671114105727
"1400000US36047013800",0.0393137050038985
"1400000US36047013900",0.296792744862773
"1400000US36047014000",-0.474524980555377
"1400000US36047014100",-0.0525322843185559
"1400000US36047014200",-0.216272597905321
"1400000US36047014300",-0.211709976223503
"1400000US36047014500",0.0129195558480574
"1400000US36047014700",0.0243326021723035
"1400000US36047014800",-0.724118575259541
"1400000US36047014900",0.0865510479920123
"1400000US36047015000",-0.52417268887445
"1400000US36047015100",0.367143361419026
"1400000US36047015200",-0.753904014440201
"1400000US36047015300",0.0922612539682828
"1400000US36047015400",-1.38739060297923
"1400000US36047015500",0.213509866722024
"1400000US36047015700",0.420868550096226
"1400000US36047015900",0.0825346518185253
"1400000US36047016000",-0.19431117295777
"1400000US36047016100",-0.153040675731707
"1400000US36047016200",-0.756348749153147
"1400000US36047016300",-0.197807615279001
"1400000US36047016400",-1.31729466841313
"1400000US36047016500",0.631303495214861
"1400000US36047016600",-0.822619837787948
"1400000US36047016700",0.622978376740108
"1400000US36047016800",-0.742775097139058
"1400000US36047016900",0.184538528887149
"1400000US36047017000",-0.247700290321218
"1400000US36047017100",-0.0693111424176713
"1400000US36047017200",-0.347174619477806
"1400000US36047017400",-0.617352069708295
"1400000US36047017500",-1.38720395738396
"1400000US36047017600",-0.20824934636592
"1400000US36047017700",-1.38739060297923
"1400000US36047017800",-0.0937464759568239
"1400000US36047017900",0.28331134688794
"1400000US36047018000",-0.0599553316769105
"1400000US36047018100",0.319419784650222
"1400000US36047018200",0.0122000923072685
"1400000US36047018300",-0.0543360384576754
"1400000US36047018400",-0.404490476972815
"1400000US36047018501",1.28961626686931
"1400000US36047018600",-0.0118720214499028
"1400000US36047018700",-0.109914401465561
"1400000US36047018800",-0.284199250703289
"1400000US36047019000",0.256897092715641
"1400000US36047019100",-0.704728918091785
"1400000US36047019200",-0.318007918292784
"1400000US36047019300",0.140326407596885
"1400000US36047019400",-0.0311361521411886
"1400000US36047019500",0.411245871025026
"1400000US36047019600",0.305135792237432
"1400000US36047019700",0.0409373831214028
"1400000US36047019800",-0.462358408684753
"1400000US36047019900",-0.252200815033144
"1400000US36047020000",-0.157674841882585
"1400000US36047020100",0.0408084224734284
"1400000US36047020200",-0.369730515611318
"1400000US36047020300",-0.505236607581621
"1400000US36047020400",-0.459689655752414
"1400000US36047020500",-0.255512889965177
"1400000US36047020600",-0.433414683207366
"1400000US36047020700",0.886550865965095
"1400000US36047020800",0.169770446957665
"1400000US36047021000",0.549255315005471
"1400000US36047021100",-0.926991079164539
"1400000US36047021200",0.393997114658234
"1400000US36047021300",0.284444249155754
"1400000US36047021400",-0.449317421006772
"1400000US36047021500",1.12745521607212
"1400000US36047021600",0.360561845178582
"1400000US36047021700",0.813200549769115
"1400000US36047021800",0.357445111169093
"1400000US36047021900",0.402645872483175
"1400000US36047022000",0.473952414374668
"1400000US36047022100",0.374297973448336
"1400000US36047022200",0.562891053845967
"1400000US36047022400",0.900478166821762
"1400000US36047022600",-0.207889188822507
"1400000US36047022700",-0.336994625196713
"1400000US36047022800",0.0588171864530375
"1400000US36047022900",0.0592111307470141
"1400000US36047023000",0.802563474092722
"1400000US36047023100",0.00196100305231793
"1400000US36047023200",0.45592928111308
"1400000US36047023300",0.768976976164153
"1400000US36047023400",0.794252592884495
"1400000US36047023500",0.644036413997974
"1400000US36047023600",1.02657239947115
"1400000US36047023800",0.590824235071198
"1400000US36047024000",0.636800261440364
"1400000US36047024100",-0.481799014523653
"1400000US36047024200",-0.246221800104136
"1400000US36047024300",0.408542010513429
"1400000US36047024400",0.139402408498517
"1400000US36047024500",0.344205981356041
"1400000US36047024600",-0.0084267249455271
"1400000US36047024700",-0.45653547313532
"1400000US36047024800",-0.265188776635312
"1400000US36047024900",0.273832453820646
"1400000US36047025000",-0.660729527876048
"1400000US36047025100",0.630075907889406
"1400000US36047025200",0.545681387552206
"1400000US36047025300",-0.141436490616001
"1400000US36047025400",0.0728484816093938
"1400000US36047025500",1.30712569719494
"1400000US36047025600",-0.0952648101596023
"1400000US36047025700",-0.525940181460854
"1400000US36047025800",0.589907102970789
"1400000US36047025901",0.446758436347406
"1400000US36047025902",2.81319473179632
"1400000US36047026000",0.253045608171381
"1400000US36047026100",0.417908222511842
"1400000US36047026200",-0.286296048209184
"1400000US36047026300",-0.243868890269796
"1400000US36047026400",0.387253817257905
"1400000US36047026500",0.373221011165462
"1400000US36047026600",0.260137020711538
"1400000US36047026700",0.41135540624942
"1400000US36047026800",0.325934123252366
"1400000US36047026900",0.126739757631712
"1400000US36047027000",-0.0492938664829189
"1400000US36047027100",-0.696387723666433
"1400000US36047027200",0.540734386541186
"1400000US36047027300",-0.0115719935356203
"1400000US36047027400",-0.0303043757943567
"1400000US36047027500",0.500885341175312
"1400000US36047027600",0.422995341253591
"1400000US36047027700",0.394396485120259
"1400000US36047027800",0.0817719626896508
"1400000US36047027900",0.273883044424085
"1400000US36047028000",-0.504155605550295
"1400000US36047028100",0.508395514944214
"1400000US36047028200",-0.195717753129781
"1400000US36047028300",1.07388937864488
"1400000US36047028400",0.396938467689303
"1400000US36047028501",-1.01092983161771
"1400000US36047028502",0.324085632862503
"1400000US36047028600",0.592453619856768
"1400000US36047028700",0.0817970995218969
"1400000US36047028800",0.269493552977495
"1400000US36047028900",0.178067002888301
"1400000US36047029000",0.467743521875609
"1400000US36047029100",-0.00837523767404206
"1400000US36047029200",-0.453977633648842
"1400000US36047029300",-0.00460638848375742
"1400000US36047029400",-0.488185516100341
"1400000US36047029500",0.136244370671969
"1400000US36047029600",0.509035297905918
"1400000US36047029700",-0.196316465466063
"1400000US36047029800",-0.154985079046696
"1400000US36047029900",-0.0718423683550324
"1400000US36047030000",0.159153404225365
"1400000US36047030100",-0.351823613800899
"1400000US36047030200",0.0735078663592675
"1400000US36047030300",-0.100243929949004
"1400000US36047030400",-0.70115797721561
"1400000US36047030500",-0.127537817836714
"1400000US36047030600",-0.629440518263467
"1400000US36047030700",-0.134928371468165
"1400000US36047030800",-1.17878141613062
"1400000US36047030900",-0.486972673535734
"1400000US36047031100",0.0347075354580205
"1400000US36047031300",0.568895926780818
"1400000US36047031400",-1.00505655753608
"1400000US36047031500",0.720426666195995
"1400000US36047031701",0.41132790876997
"1400000US36047031702",0.374084208530452
"1400000US36047031900",0.309698928948588
"1400000US36047032100",0.899732921906848
"1400000US36047032300",0.11632808285353
"1400000US36047032500",1.39722021408452
"1400000US36047032600",0.158746917657159
"1400000US36047032700",-0.178405073899555
"1400000US36047032800",-0.400637283000356
"1400000US36047032900",1.22547066550635
"1400000US36047033000",-0.395391058203805
"1400000US36047033100",0.935595161836486
"1400000US36047033300",0.217715990281067
"1400000US36047033500",-0.115383096719589
"1400000US36047033600",-0.873243229212065
"1400000US36047033700",0.133722291486124
"1400000US36047033900",0.385323443313529
"1400000US36047034000",-0.118308645958319
"1400000US36047034100",-0.0217475291209533
"1400000US36047034200",0.682797466405732
"1400000US36047034300",0.997207205423977
"1400000US36047034500",-0.202750189766499
"1400000US36047034700",0.303470569844858
"1400000US36047034800",-1.06463649014324
"1400000US36047034900",1.03645030734956
"1400000US36047035000",-0.15814654550435
"1400000US36047035100",0.677362728690979
"1400000US36047035200",-1.28956581436664
"1400000US36047035300",0.929448147595199
"1400000US36047035400",-0.176111062810855
"1400000US36047035500",1.39142325037687
"1400000US36047035601",1.92891418033329
"1400000US36047035602",0.820801704746512
"1400000US36047035700",-0.376702395061718
"1400000US36047035900",0.873296161554468
"1400000US36047036001",1.09210625024089
"1400000US36047036002",1.95718279264544
"1400000US36047036100",-0.00897514269027397
"1400000US36047036200",0.411514186466242
"1400000US36047036300",-0.229364836097288
"1400000US36047036400",-0.158244859524836
"1400000US36047036501",0.133127238720979
"1400000US36047036502",-0.624793491403223
"1400000US36047036600",0.113901949898549
"1400000US36047036700",-0.870831386284135
"1400000US36047036900",0.202336588620341
"1400000US36047037000",-0.502305591882277
"1400000US36047037100",0.205742402292908
"1400000US36047037300",0.234619762491742
"1400000US36047037401",0.00894536283210955
"1400000US36047037402",-0.274273262143856
"1400000US36047037500",-0.0457149647375197
"1400000US36047037700",0.0214545777030933
"1400000US36047037900",0.0892177371478369
"1400000US36047038100",0.0685598860124045
"1400000US36047038200",0.479246682928221
"1400000US36047038300",0.2616213666545
"1400000US36047038500",0.0488913579305536
"1400000US36047038600",-0.374627318377435
"1400000US36047038700",0.172036090504592
"1400000US36047038800",0.0334303322704607
"1400000US36047038900",-0.141096025986301
"1400000US36047039000",-0.426267151034494
"1400000US36047039100",-0.372669423541724
"1400000US36047039200",-0.23171542659446
"1400000US36047039300",-0.0170292417479063
"1400000US36047039400",-0.456976530389681
"1400000US36047039500",0.16203470867738
"1400000US36047039600",-0.434182635882947
"1400000US36047039700",0.171646113848741
"1400000US36047039800",-0.433298039143572
"1400000US36047039900",0.463421638673233
"1400000US36047040000",-0.217059068097188
"1400000US36047040100",0.226447143915321
"1400000US36047040200",-0.371663782334676
"1400000US36047040300",-0.155467968936553
"1400000US36047040400",-0.171868452534591
"1400000US36047040500",-0.601769613187671
"1400000US36047040600",0.197956017817693
"1400000US36047040700",-1.38535941889647
"1400000US36047040800",0.319878174191925
"1400000US36047040900",0.247278325321817
"1400000US36047041000",-0.478779794451561
"1400000US36047041100",0.404058834993356
"1400000US36047041200",-0.0902054515774391
"1400000US36047041300",0.338214624696119
"1400000US36047041401",-0.655343008646702
"1400000US36047041402",-0.62102676432633
"1400000US36047041500",0.441554832016599
"1400000US36047041600",-0.340658170552653
"1400000US36047041700",0.484773279097684
"1400000US36047041800",-0.336287117203797
"1400000US36047041900",0.416566756238619
"1400000US36047042000",-0.564237374009564
"1400000US36047042100",0.483890689030275
"1400000US36047042200",-0.239944525160315
"1400000US36047042300",0.306953985641911
"1400000US36047042400",0.27944789064406
"1400000US36047042500",-0.0603720752146057
"1400000US36047042600",0.393447799671956
"1400000US36047042700",1.104688398424
"1400000US36047042800",0.327182881315446
"1400000US36047042900",1.06430245467663
"1400000US36047043000",0.137539261845172
"1400000US36047043100",0.838185212190117
"1400000US36047043200",0.703560109129656
"1400000US36047043300",0.38118968594669
"1400000US36047043400",0.412396903288545
"1400000US36047043500",0.555832213286786
"1400000US36047043600",0.827424909082256
"1400000US36047043700",0.908204652918667
"1400000US36047043800",-0.223469977559251
"1400000US36047043900",0.0174578296132681
"1400000US36047044000",-0.341160425969335
"1400000US36047044100",1.52609836785884
"1400000US36047044200",-0.322957457590596
"1400000US36047044300",1.05668736460003
"1400000US36047044400",0.0120012511553345
"1400000US36047044500",0.571955303530135
"1400000US36047044600",-0.398892342509017
"1400000US36047044700",-0.324470900204382
"1400000US36047044800",-0.746777543324142
"1400000US36047044900",-1.28607355324623
"1400000US36047045000",-1.16973727231446
"1400000US36047045200",-0.325975289530299
"1400000US36047045300",-0.925546917016891
"1400000US36047045400",-0.362584114172725
"1400000US36047045600",-0.264263365514905
"1400000US36047045800",-0.779233459843968
"1400000US36047046000",0.0051212872778899
"1400000US36047046201",0.114466018168552
"1400000US36047046202",-0.642039347904108
"1400000US36047046400",-0.158479248413191
"1400000US36047046800",-0.862601898541936
"1400000US36047047000",-0.225180513223647
"1400000US36047047200",-0.0565458615944721
"1400000US36047047400",-0.151367060374431
"1400000US36047047600",-0.0988788866078489
"1400000US36047047700",-0.279576624329163
"1400000US36047047800",0.217152805642277
"1400000US36047048000",0.403517846039033
"1400000US36047048100",-0.043067412389729
"1400000US36047048200",0.606596651826425
"1400000US36047048400",0.530923296232482
"1400000US36047048500",-1.07105598750281
"1400000US36047048600",0.101677036511827
"1400000US36047048800",0.857705966010202
"1400000US36047048900",1.84061839319213
"1400000US36047049000",0.853297897605242
"1400000US36047049100",0.817063882974305
"1400000US36047049200",0.160378365465942
"1400000US36047049300",1.0611257591331
"1400000US36047049400",0.735415730050638
"1400000US36047049500",0.0888293856170902
"1400000US36047049600",0.240564599924822
"1400000US36047049700",-0.215337220036911
"1400000US36047049800",0.128928618869427
"1400000US36047049900",-0.477340754836313
"1400000US36047050000",-0.106061553271845
"1400000US36047050100",-0.217118085788741
"1400000US36047050202",-0.225145419653273
"1400000US36047050300",0.121267004860293
"1400000US36047050400",0.0382624900324816
"1400000US36047050500",0.411793018609433
"1400000US36047050600",1.28725984056829
"1400000US36047050700",-0.42812697186969
"1400000US36047050801",2.43068539733159
"1400000US36047050803",1.82922736429547
"1400000US36047050804",3.05096364735827
"1400000US36047050900",0.520109351351869
"1400000US36047051001",2.34855093814633
"1400000US36047051002",1.84374638037757
"1400000US36047051100",0.423653990943871
"1400000US36047051200",1.96145904991994
"1400000US36047051300",-0.164313151578225
"1400000US36047051400",1.59091788799444
"1400000US36047051500",-0.84917001503987
"1400000US36047051601",2.22920942642813
"1400000US36047051602",1.85297868871096
"1400000US36047051700",-0.709406324080279
"1400000US36047051800",-0.14547767531686
"1400000US36047051900",-0.433751483108243
"1400000US36047052000",0.236995010534891
"1400000US36047052300",1.430618389554
"1400000US36047052500",0.655666163775981
"1400000US36047052600",0.496548668222319
"1400000US36047052700",1.15897138317767
"1400000US36047052800",-0.629349931091949
"1400000US36047052900",0.278387859327992
"1400000US36047053000",0.0769876490918164
"1400000US36047053100",1.79705055334444
"1400000US36047053200",-0.304081847934743
"1400000US36047053300",1.09326843954262
"1400000US36047053400",0.463521177893836
"1400000US36047053500",1.06708917584627
"1400000US36047053700",0.17566926822599
"1400000US36047053800",0.604087919856732
"1400000US36047053900",0.603028163951422
"1400000US36047054200",0.334966857545771
"1400000US36047054300",-1.36462688944831
"1400000US36047054400",-0.0749031892773725
"1400000US36047054500",2.10762319510046
"1400000US36047054600",0.373872092195864
"1400000US36047054700",0.892551511760622
"1400000US36047054800",-0.546673279322286
"1400000US36047054900",-0.21587302146495
"1400000US36047055000",0.058516588679544
"1400000US36047055100",0.0659769153604987
"1400000US36047055200",0.140087869674834
"1400000US36047055300",-0.171086074708381
"1400000US36047055400",0.435893420583122
"1400000US36047055500",-0.839266610835619
"1400000US36047055600",0.0193575091892161
"1400000US36047055700",-0.958445200193431
"1400000US36047055800",-0.367788791614787
"1400000US36047056000",-0.00311461745397676
"1400000US36047056100",-0.681033121623239
"1400000US36047056200",-0.678424795771112
"1400000US36047056300",-0.568338773972759
"1400000US36047056400",-0.407942769898073
"1400000US36047056500",-0.440040362238818
"1400000US36047056600",-0.354845506978489
"1400000US36047056800",-0.570807004089251
"1400000US36047056900",-0.453044152955894
"1400000US36047057000",-0.443055538009307
"1400000US36047057100",0.444413803415756
"1400000US36047057200",0.248380754366555
"1400000US36047057300",-0.264944592525615
"1400000US36047057400",-0.165447943357451
"1400000US36047057500",0.273838187400534
"1400000US36047057600",-0.0403469778937209
"1400000US36047057800",-0.0372550455391461
"1400000US36047057900",-1.26611880770552
"1400000US36047058000",0.165650240471957
"1400000US36047058200",-0.0425622817543241
"1400000US36047058400",0.0207451074070615
"1400000US36047058600",-0.258973199391676
"1400000US36047058800",0.101183887125381
"1400000US36047058900",-1.06791752696338
"1400000US36047059000",-0.51009226235147
"1400000US36047059100",0.117540921316532
"1400000US36047059200",-0.0953573270161387
"1400000US36047059300",-0.520186811054388
"1400000US36047059401",-0.0595801660533749
"1400000US36047059402",-0.354093103383793
"1400000US36047059600",-0.411916762433371
"1400000US36047059800",-0.127876205452909
"1400000US36047060000",-0.377634474837039
"1400000US36047060600",-0.352115873456619
"1400000US36047060800",-0.732577562013683
"1400000US36047061002",0.102165266475937
"1400000US36047061003",0.437727421586833
"1400000US36047061004",0.712963278772038
"1400000US36047061200",-0.989976757840091
"1400000US36047061600",-1.2230363884693
"1400000US36047062000",-0.968090816484321
"1400000US36047062200",-0.408552344619631
"1400000US36047062600",-0.745806471221749
"1400000US36047062800",-0.899715001699128
"1400000US36047063200",-0.485252279669395
"1400000US36047063600",-0.595797676466579
"1400000US36047063800",-0.585799774425198
"1400000US36047064000",-0.62419911025331
"1400000US36047064200",-0.603109472646799
"1400000US36047064400",-0.458828159588118
"1400000US36047064600",-0.419771853259499
"1400000US36047064800",-0.447543603662846
"1400000US36047065000",-0.775588009374715
"1400000US36047065200",-0.871094633839641
"1400000US36047065400",-0.610874325235008
"1400000US36047065600",-0.573113718353033
"1400000US36047065800",-0.546202943592819
"1400000US36047066000",-0.535110872782685
"1400000US36047066200",-0.941055997659951
"1400000US36047066600",-1.38739060297923
"1400000US36047067000",-0.445219747960798
"1400000US36047067200",-0.789843067956413
"1400000US36047067400",-0.627391743248637
"1400000US36047067600",-0.606558951230429
"1400000US36047067800",-0.21571771462031
"1400000US36047068000",-0.603008634463447
"1400000US36047068200",-0.506882445372684
"1400000US36047068600",-0.629029445218796
"1400000US36047068800",-0.634276777984946
"1400000US36047069000",-0.629020527719524
"1400000US36047069200",-0.426242534380762
"1400000US36047069601",-0.78169499548655
"1400000US36047069602",-0.749555242331263
"1400000US36047069800",-1.20048726934235
"1400000US36047070000",-0.769791531805369
"1400000US36047070201",-0.939324729597387
"1400000US36047070202",-1.38687071036109
"1400000US36047070203",-1.38739060297923
"1400000US36047070600",-1.26762858053262
"1400000US36047072000",-0.38459879194486
"1400000US36047072200",-0.631526086036961
"1400000US36047072400",-0.718808014594012
"1400000US36047072600",-0.830479178627068
"1400000US36047072800",-0.284902556571876
"1400000US36047073000",-0.603049173906441
"1400000US36047073200",-0.42823899846244
"1400000US36047073400",-0.472084474184716
"1400000US36047073600",-0.00460892986034231
"1400000US36047073800",-0.0797374709951197
"1400000US36047074000",0.204660603504368
"1400000US36047074200",-0.00475282896306241
"1400000US36047074400",-0.320694407549672
"1400000US36047074600",-0.658036753582558
"1400000US36047074800",-0.552987400963365
"1400000US36047075000",-0.108559062139606
"1400000US36047075200",-0.909686635176205
"1400000US36047075400",-0.759297032123464
"1400000US36047075600",-0.546564979269376
"1400000US36047075800",-0.739608419695402
"1400000US36047076000",-0.268056039998676
"1400000US36047076200",0.26156700614995
"1400000US36047076400",0.192605767698171
"1400000US36047076600",0.439981031072882
"1400000US36047076800",-0.565091287401161
"1400000US36047077000",-0.166834525099829
"1400000US36047077200",-0.772800025688914
"1400000US36047077400",0.0401480189998289
"1400000US36047077600",0.106437916846927
"1400000US36047078000",-0.456455789004079
"1400000US36047078200",0.293563778887035
"1400000US36047078400",-0.360590639136893
"1400000US36047078600",0.434116448694747
"1400000US36047078800",0.207357846231098
"1400000US36047079000",0.65082244649755
"1400000US36047079200",0.0898543916186659
"1400000US36047079400",-0.77313059857559
"1400000US36047079601",1.53933519373523
"1400000US36047079602",1.22359734687815
"1400000US36047079801",0.327297117481877
"1400000US36047079802",2.36460313405481
"1400000US36047080000",0.0826112599116196
"1400000US36047080200",0.313763686359677
"1400000US36047080400",-0.133386946188045
"1400000US36047080600",0.103379119692196
"1400000US36047080800",-1.11507568927459
"1400000US36047081000",-0.350549338052759
"1400000US36047081400",-0.253684042072709
"1400000US36047081600",-0.249841800112446
"1400000US36047081800",0.722638512666473
"1400000US36047082000",1.21462924920631
"1400000US36047082200",1.75059502679961
"1400000US36047082400",0.228318073935748
"1400000US36047082600",0.640056873639244
"1400000US36047082800",0.394953120242192
"1400000US36047083000",0.788607023580102
"1400000US36047083200",-0.235928061560615
"1400000US36047083400",-0.398911033854853
"1400000US36047083600",-0.709013770092879
"1400000US36047083800",-0.427341608546568
"1400000US36047084000",-0.348915622460099
"1400000US36047084600",-0.524330451483151
"1400000US36047084800",-0.455548602744226
"1400000US36047085000",-0.691737631269652
"1400000US36047085200",-1.38210886868144
"1400000US36047085400",-0.220464468628605
"1400000US36047085600",0.277748999796613
"1400000US36047085800",-0.0521988125747925
"1400000US36047086000",0.0533287337321395
"1400000US36047086200",0.177814485123466
"1400000US36047086400",-0.314852043834326
"1400000US36047086600",0.0856263495915774
"1400000US36047086800",-0.0637936673502586
"1400000US36047087000",0.119101772237758
"1400000US36047087200",0.0391127056978898
"1400000US36047087401",0.374137406396058
"1400000US36047087600",-0.490535878451059
"1400000US36047087800",0.0661706010201401
"1400000US36047088000",-0.238650709951052
"1400000US36047088200",1.04141182399742
"1400000US36047088400",0.907399710857255
"1400000US36047088600",0.416101634278864
"1400000US36047088800",0.0509010721128458
"1400000US36047089000",0.475063311047662
"1400000US36047089200",0.101055993083509
"1400000US36047089400",0.0708741932578821
"1400000US36047089600",0.354800384045092
"1400000US36047089800",-0.396500801958113
"1400000US36047090000",0.24665353600363
"1400000US36047090200",-0.061442693929219
"1400000US36047090600",0.325343243114598
"1400000US36047090800",-0.40191711811639
"1400000US36047091000",0.549481608355996
"1400000US36047091200",1.59581378092064
"1400000US36047091600",0.0810961605368297
"1400000US36047091800",-0.408050183412579
"1400000US36047092000",-0.405599358653484
"1400000US36047092200",-0.160782883686029
"1400000US36047092400",-0.614744650028532
"1400000US36047092800",-0.151067677227277
"1400000US36047093000",-0.427264850651674
"1400000US36047093200",-1.08851061504265
"1400000US36047093400",-0.398441799718736
"1400000US36047093600",-0.665505685239201
"1400000US36047093800",-0.0616006993032099
"1400000US36047094401",-0.753147703834677
"1400000US36047094402",0.59019388975574
"1400000US36047094600",-0.911868041994158
"1400000US36047095000",-0.50978536178355
"1400000US36047095400",0.0357095730498154
"1400000US36047095600",-0.141740630238777
"1400000US36047095800",-0.307754125984392
"1400000US36047096000",-1.38739060297923
"1400000US36047096200",-0.684131072626998
"1400000US36047096400",-0.408429891272773
"1400000US36047096600",-0.513039329185215
"1400000US36047096800",-0.664646967980826
"1400000US36047097000",-0.444452728962293
"1400000US36047097400",-0.597044999394099
"1400000US36047098200",-0.475482449788764
"1400000US36047098400",-0.103731839446767
"1400000US36047098600",-0.0438864277302084
"1400000US36047098800",-0.00660750070434098
"1400000US36047099000",-0.751461859203108
"1400000US36047099200",-0.390323931216753
"1400000US36047099400",-0.554927158934301
"1400000US36047099600",0.014093550525746
"1400000US36047099800",-0.727318679838252
"1400000US36047100400",0.0358802497878264
"1400000US36047100600",-0.189372867398097
"1400000US36047100800",-0.342961666455282
"1400000US36047101000",-0.396877299940747
"1400000US36047101200",-0.507477731431963
"1400000US36047101400",-0.366770291228693
"1400000US36047101600",-0.43389549375329
"1400000US36047101800",-0.90612598784582
"1400000US36047102000",-0.491302289524395
"1400000US36047102200",-0.454466631039052
"1400000US36047102400",-0.301345799007742
"1400000US36047102600",0.10528834422881
"1400000US36047102800",-1.27392499575694
"1400000US36047103400",-0.955683464752475
"1400000US36047105801",-0.168253254461776
"1400000US36047105804",-0.769861918868884
"1400000US36047107000",-1.37956829690531
"1400000US36047107800",-0.831029391767696
"1400000US36047109800",-1.22323948338276
"1400000US36047110400",-0.958652448728023
"1400000US36047110600",0.457882175486347
"1400000US36047111000",0.523445385477213
"1400000US36047111600",-0.87689955772014
"1400000US36047111800",-0.0101892207800037
"1400000US36047112000",-0.0521594187292578
"1400000US36047112200",0.133484744580195
"1400000US36047112400",0.0189149189761578
"1400000US36047112600",0.256412075321112
"1400000US36047112800",0.131864867947615
"1400000US36047113000",0.0813021665824502
"1400000US36047113200",-0.671607125787273
"1400000US36047113400",-0.0330008468405352
"1400000US36047114201",-0.998106568278096
"1400000US36047114202",0.386507373597848
"1400000US36047114400",-0.977977970310569
"1400000US36047114600",-0.0163483738452722
"1400000US36047115000",-0.186721437571619
"1400000US36047115200",-0.0238445608785286
"1400000US36047115600",0.588890898962237
"1400000US36047115800",0.0218593927926493
"1400000US36047116000",-0.157706453162606
"1400000US36047116200",-0.286437308958945
"1400000US36047116400",-0.209479079155486
"1400000US36047116600",-0.0520509076787914
"1400000US36047116800",-0.341183248591354
"1400000US36047117000",-0.492489114217592
"1400000US36047117201",0.150688668094411
"1400000US36047117202",0.496725442499736
"1400000US36047117400",0.101657802646548
"1400000US36047117601",-0.0658321422693066
"1400000US36047117602",0.299468533005805
"1400000US36047117800",-0.491079043583018
"1400000US36047118000",-1.38682311119799
"1400000US36047118201",0.351697284343596
"1400000US36047118202",0.428243387023443
"1400000US36047118400",0.548930264720987
"1400000US36047118600",0.265364591657545
"1400000US36047118800",0.565499736732533
"1400000US36047119000",-0.27873372637274
"1400000US36047119200",-0.410637965175914
"1400000US36047119400",0.179956666431565
"1400000US36047119600",-0.0968310092916965
"1400000US36047119800",-0.620026236604568
"1400000US36047120000",-0.342604594160269
"1400000US36047120200",-0.478483856810501
"1400000US36047120800",-0.0333732739947492
"1400000US36047121000",0.451024640854003
"1400000US36047121400",0.484403546402162
"1400000US36047122000",-1.02034261957483
"1400000US36047123700",-0.018554809729806
"1400000US36047150200",-0.801174621457408
"1400000US36047152200",-0.764625627496293
"1400000US36047990100",-1.38739060297923
"1400000US36061000100",-1.38552846960545
"1400000US36061000201",1.09471421664265
"1400000US36061000202",0.406402774679488
"1400000US36061000500",-1.38739060297923
"1400000US36061000600",1.89123786127065
"1400000US36061000700",0.950718781854972
"1400000US36061000800",2.07453589317436
"1400000US36061000900",-1.22843875507028
"1400000US36061001001",-0.0650876820798396
"1400000US36061001002",0.997771350334194
"1400000US36061001200",0.675074909562087
"1400000US36061001300",-0.336250522873972
"1400000US36061001401",0.965488794747652
"1400000US36061001402",0.395956259580755
"1400000US36061001501",0.238755035858945
"1400000US36061001502",0.997173638905213
"1400000US36061001600",1.59307499501924
"1400000US36061001800",1.46027464264388
"1400000US36061002000",1.54280002701034
"1400000US36061002100",0.434248430602861
"1400000US36061002201",1.51017593552462
"1400000US36061002202",1.47002603507705
"1400000US36061002400",0.783328300917869
"1400000US36061002500",1.27765125726915
"1400000US36061002601",1.21688261408724
"1400000US36061002602",1.59730636415892
"1400000US36061002700",0.160159123856663
"1400000US36061002800",1.44763175742346
"1400000US36061002900",0.294283544404229
"1400000US36061003001",1.26169368639956
"1400000US36061003002",1.5086640537024
"1400000US36061003100",-0.479094406285418
"1400000US36061003200",1.38211081177157
"1400000US36061003300",-0.283042937508096
"1400000US36061003400",1.63345886182601
"1400000US36061003601",1.10154895003444
"1400000US36061003602",1.20471162738668
"1400000US36061003700",-0.950259527645045
"1400000US36061003800",1.95437973379201
"1400000US36061003900",-0.107174450242498
"1400000US36061004000",2.16426459827303
"1400000US36061004100",1.60177760181544
"1400000US36061004200",3.01303235599515
"1400000US36061004300",0.707487669240528
"1400000US36061004400",1.56281203441822
"1400000US36061004500",-0.594842394067804
"1400000US36061004700",-0.271406517565593
"1400000US36061004800",1.62415001784408
"1400000US36061004900",0.357911447622582
"1400000US36061005000",0.83156583383482
"1400000US36061005200",0.094494700152647
"1400000US36061005400",0.589956961323273
"1400000US36061005501",1.08613239451069
"1400000US36061005502",0.0434926009015074
"1400000US36061005600",0.0134964396797611
"1400000US36061005700",0.497010666069142
"1400000US36061005800",0.0780554276252682
"1400000US36061005900",2.01666914350739
"1400000US36061006000",1.20493396847306
"1400000US36061006100",1.30017847431811
"1400000US36061006200",-0.325237574379248
"1400000US36061006300",1.23415797883996
"1400000US36061006400",1.94216154418201
"1400000US36061006500",0.870274493974116
"1400000US36061006600",3.53276112640964
"1400000US36061006700",0.985866577627149
"1400000US36061006800",1.8083577460468
"1400000US36061006900",-0.489544850550083
"1400000US36061007000",2.27534914888607
"1400000US36061007100",1.02172167729899
"1400000US36061007200",2.23713737132576
"1400000US36061007300",1.36546958067718
"1400000US36061007400",0.429108132419347
"1400000US36061007500",0.307743092631299
"1400000US36061007600",-0.430761302134268
"1400000US36061007700",1.05724009602091
"1400000US36061007800",2.07437075001837
"1400000US36061007900",-0.278624956880966
"1400000US36061008000",0.893238301388311
"1400000US36061008100",1.9931196268639
"1400000US36061008200",-0.00204725481298843
"1400000US36061008300",0.332687206482206
"1400000US36061008400",-0.712614537714595
"1400000US36061008601",0.15578674173996
"1400000US36061008602",-1.38739060297923
"1400000US36061008603",1.29820154721906
"1400000US36061008700",1.41749052791355
"1400000US36061008800",1.46135815872876
"1400000US36061008900",1.13667027469357
"1400000US36061009000",1.85337910117299
"1400000US36061009100",1.18975357656059
"1400000US36061009200",-0.716249146625221
"1400000US36061009300",2.20190934646424
"1400000US36061009400",-1.35240063731533
"1400000US36061009500",-0.0930553879310088
"1400000US36061009600",-1.32266275174435
"1400000US36061009700",0.801187020536497
"1400000US36061009800",1.63774195583294
"1400000US36061009900",-1.24598735183841
"1400000US36061010000",-0.543817624910432
"1400000US36061010100",-0.921851912417882
"1400000US36061010200",-1.28998841843272
"1400000US36061010300",-0.514636226319023
"1400000US36061010400",-0.979106702941099
"1400000US36061010601",2.68130907748341
"1400000US36061010602",1.33463640767133
"1400000US36061010800",2.2381933586689
"1400000US36061010900",-1.31114913599873
"1400000US36061011000",1.58550396772842
"1400000US36061011100",0.0812107762927489
"1400000US36061011201",-0.474200546317858
"1400000US36061011202",-0.973474146250289
"1400000US36061011203",-0.0714024546839223
"1400000US36061011300",-1.33862163809698
"1400000US36061011401",-0.337905102933202
"1400000US36061011402",0.388960184278611
"1400000US36061011500",-0.429114265889371
"1400000US36061011600",-0.150356058797763
"1400000US36061011700",-0.116891667009931
"1400000US36061011800",2.24389665691887
"1400000US36061011900",-0.925636973693731
"1400000US36061012000",0.292996334323012
"1400000US36061012100",2.12796976233831
"1400000US36061012200",0.153591507457036
"1400000US36061012400",2.78557572172345
"1400000US36061012500",-0.244927477787185
"1400000US36061012600",3.70521176564308
"1400000US36061012700",1.52739750266219
"1400000US36061012800",1.18028404543325
"1400000US36061012900",-0.295810470873374
"1400000US36061013000",0.335962032486605
"1400000US36061013100",-0.203402446897461
"1400000US36061013200",2.37648847785456
"1400000US36061013300",1.2195315272793
"1400000US36061013400",3.11331487298151
"1400000US36061013500",-0.238887889214256
"1400000US36061013600",3.68212428937409
"1400000US36061013700",0.712075630439617
"1400000US36061013800",3.61623457402662
"1400000US36061013900",2.34485365606534
"1400000US36061014000",1.80647095793232
"1400000US36061014200",0.437865255666347
"1400000US36061014300",-1.38739060297923
"1400000US36061014401",3.40450068201151
"1400000US36061014402",1.4569672682305
"1400000US36061014500",0.888290357437541
"1400000US36061014601",2.82273757693007
"1400000US36061014602",3.91243286410682
"1400000US36061014700",1.69625276007056
"1400000US36061014801",2.64540931506245
"1400000US36061014802",2.73100528561662
"1400000US36061014900",1.07007980376643
"1400000US36061015001",1.86494383831108
"1400000US36061015002",1.78278433140892
"1400000US36061015100",0.380685775634041
"1400000US36061015200",1.20511056975145
"1400000US36061015300",2.53174669739536
"1400000US36061015400",4.28807825595193
"1400000US36061015500",1.91601387433266
"1400000US36061015601",3.93226864518816
"1400000US36061015602",0.159693912123987
"1400000US36061015700",2.92826519567263
"1400000US36061015801",1.90218511626932
"1400000US36061015802",3.36867278715066
"1400000US36061015900",2.6181656199197
"1400000US36061016001",0.794874887852174
"1400000US36061016002",3.07068419903188
"1400000US36061016100",1.63878271560523
"1400000US36061016200",0.877463432435733
"1400000US36061016300",0.455784123187414
"1400000US36061016400",1.14149710807344
"1400000US36061016500",0.906773152534681
"1400000US36061016600",1.73634725745724
"1400000US36061016700",1.05838751529681
"1400000US36061016800",0.669649668473113
"1400000US36061016900",1.91065681382981
"1400000US36061017000",1.75679186209183
"1400000US36061017100",1.62966522585373
"1400000US36061017200",0.877360747586617
"1400000US36061017300",2.27711902492487
"1400000US36061017401",2.42409991109342
"1400000US36061017402",1.63337907777596
"1400000US36061017500",2.26617687496422
"1400000US36061017700",2.45087109151801
"1400000US36061017800",-0.284739423827805
"1400000US36061017900",1.78476174251615
"1400000US36061018000",1.18821075874375
"1400000US36061018100",3.30109223511188
"1400000US36061018200",1.41383585580559
"1400000US36061018300",1.44797050791233
"1400000US36061018400",1.86131783137611
"1400000US36061018500",0.965524736427869
"1400000US36061018600",2.04129310527589
"1400000US36061018700",1.62320913922569
"1400000US36061018800",1.57418717499881
"1400000US36061018900",1.79814989966508
"1400000US36061019000",0.78721774567573
"1400000US36061019100",1.49607692006177
"1400000US36061019200",-0.0510772129277967
"1400000US36061019300",2.36645196268932
"1400000US36061019400",1.35555745066551
"1400000US36061019500",1.3610549729729
"1400000US36061019600",0.236986606099939
"1400000US36061019701",-1.18850158487016
"1400000US36061019702",1.84130428547609
"1400000US36061019800",-0.765804796933661
"1400000US36061019900",1.86042594799524
"1400000US36061020000",0.0742581989283822
"1400000US36061020101",0.911646375197793
"1400000US36061020102",2.0077451319667
"1400000US36061020300",0.10503594205795
"1400000US36061020500",0.000126777900008105
"1400000US36061020600",0.0607301615867052
"1400000US36061020701",3.76862091415506
"1400000US36061020800",0.875174632468197
"1400000US36061020901",0.934848133344855
"1400000US36061021000",0.873459982931049
"1400000US36061021100",0.785814075212021
"1400000US36061021200",0.444067343224481
"1400000US36061021303",1.29642571563199
"1400000US36061021400",0.217588751544053
"1400000US36061021500",1.83496540728082
"1400000US36061021600",1.8068110065427
"1400000US36061021703",-1.38599095047548
"1400000US36061021800",1.2764958141227
"1400000US36061021900",0.155256700810295
"1400000US36061022000",0.859922878300265
"1400000US36061022102",0.221169580039422
"1400000US36061022200",-0.320340657025493
"1400000US36061022301",1.64805454664374
"1400000US36061022302",2.63592552644093
"1400000US36061022400",1.02965360946652
"1400000US36061022500",1.48903569362206
"1400000US36061022600",0.420808387614121
"1400000US36061022700",0.975756080912896
"1400000US36061022800",0.739805726087793
"1400000US36061022900",1.42356333879421
"1400000US36061023000",2.02972785660232
"1400000US36061023100",0.963349008322644
"1400000US36061023200",1.85017323166305
"1400000US36061023300",0.713866086115378
"1400000US36061023400",1.62567769057101
"1400000US36061023501",1.06783686291001
"1400000US36061023502",1.83439388206703
"1400000US36061023600",0.217060173541301
"1400000US36061023700",0.442777960043577
"1400000US36061023801",0.598812798378505
"1400000US36061023802",-0.856981749526956
"1400000US36061023900",1.31755554141719
"1400000US36061024000",-1.3297563751058
"1400000US36061024100",1.71849899717958
"1400000US36061024200",-0.695479999625576
"1400000US36061024301",1.36025712407503
"1400000US36061024302",0.987594771751138
"1400000US36061024500",3.75923336536209
"1400000US36061024700",0.627629021678507
"1400000US36061024900",-0.0578151195866512
"1400000US36061025100",-0.217471236282623
"1400000US36061025300",3.47084135013651
"1400000US36061025500",-0.440616886109877
"1400000US36061025700",0.582524801159981
"1400000US36061025900",2.00429881312714
"1400000US36061026100",4.27801852598454
"1400000US36061026300",2.67795595205525
"1400000US36061026500",1.31387063057909
"1400000US36061026700",1.98260841577909
"1400000US36061026900",2.12726291841236
"1400000US36061027100",1.72906107329554
"1400000US36061027300",1.23883316358203
"1400000US36061027500",-0.67936489448607
"1400000US36061027700",1.80609728622423
"1400000US36061027900",2.85111755620096
"1400000US36061028100",0.867443446415291
"1400000US36061028300",2.4352576893509
"1400000US36061028500",2.97894610917389
"1400000US36061028700",-0.840893359649692
"1400000US36061029100",3.0029434935168
"1400000US36061029300",2.81964454480487
"1400000US36061029500",2.34589330660491
"1400000US36061029700",-1.37579935684669
"1400000US36061029900",-0.929784456641168
"1400000US36061030300",0.364199717016049
"1400000US36061030700",1.59260205776685
"1400000US36061030900",0.638329359856774
"1400000US36061031100",-1.38720315969277
"1400000US36061031703",0.473718433811859
"1400000US36061031704",0.225923206971556
"1400000US36061031900",-1.38084261485454
"1400000US36081000100",-1.07054074508235
"1400000US36081000200",-0.0664661514991644
"1400000US36081000400",0.0478139509739552
"1400000US36081000600",-0.113284039884843
"1400000US36081000700",-0.743904000802263
"1400000US36081000800",-0.0914081647581223
"1400000US36081001000",0.202669375420792
"1400000US36081001200",-0.139695752520583
"1400000US36081001400",-0.123433026840829
"1400000US36081001600",-0.0192192773559078
"1400000US36081001800",-0.175236976429896
"1400000US36081001900",-1.29812639783582
"1400000US36081002000",-0.478403431359325
"1400000US36081002200",-0.358805654108559
"1400000US36081002400",-0.280361191945385
"1400000US36081002500",1.44248620522273
"1400000US36081002600",-0.370965611666564
"1400000US36081002800",-0.39046202455613
"1400000US36081003000",-0.459599748102757
"1400000US36081003100",-0.771332842008044
"1400000US36081003200",-0.728383899883404
"1400000US36081003300",-1.0310344275473
"1400000US36081003400",-0.634291745615778
"1400000US36081003600",-0.0471533503471663
"1400000US36081003700",-1.38739060297923
"1400000US36081003800",-0.437089606999031
"1400000US36081003900",-0.594291211125221
"1400000US36081004001",-0.491101763100962
"1400000US36081004002",-0.66722864185079
"1400000US36081004200",0.118722899890469
"1400000US36081004300",-0.342795810339138
"1400000US36081004401",-0.406283470635092
"1400000US36081004500",-0.398969898910524
"1400000US36081004700",0.239931087065137
"1400000US36081005000",-1.37352270859297
"1400000US36081005100",-0.19614170558223
"1400000US36081005200",0.154797626304381
"1400000US36081005300",0.602359704354035
"1400000US36081005400",-0.470339304955781
"1400000US36081005500",-0.916652367968626
"1400000US36081005700",0.0277308015165931
"1400000US36081005800",-0.724515408451467
"1400000US36081005900",0.217375702858109
"1400000US36081006100",0.731213675190905
"1400000US36081006201",-0.441871894342792
"1400000US36081006202",-0.990390136510744
"1400000US36081006300",0.662318127783825
"1400000US36081006501",1.02832100251717
"1400000US36081006502",0.452038976212117
"1400000US36081006900",0.212237030077812
"1400000US36081007100",0.0988556259602624
"1400000US36081007300",0.80101587081901
"1400000US36081007500",0.944591802505323
"1400000US36081007700",-0.533110685247949
"1400000US36081007900",0.205944164592846
"1400000US36081008100",-0.607890662279632
"1400000US36081008300",-0.257666585045966
"1400000US36081008500",-1.04683790049545
"1400000US36081008600",-0.756211524999539
"1400000US36081008700",-0.119375424614284
"1400000US36081008800",-0.878237368808719
"1400000US36081009100",-0.321048174601089
"1400000US36081009400",-0.192788496435014
"1400000US36081009500",-0.368630290769866
"1400000US36081009600",-0.275669272622081
"1400000US36081009700",-0.0885310289204039
"1400000US36081009800",0.0623806183617352
"1400000US36081009900",-1.38660944429703
"1400000US36081010000",-0.216783088401843
"1400000US36081010100",-0.30581781989858
"1400000US36081010200",-0.470887188931198
"1400000US36081010300",-0.373826929578829
"1400000US36081010400",-0.151764581276741
"1400000US36081010500",0.18256716229848
"1400000US36081010600",0.0629120992940819
"1400000US36081010701",-1.38739060297923
"1400000US36081010800",-0.00298841821011997
"1400000US36081011000",-0.0232515974407458
"1400000US36081011100",0.0940806182670686
"1400000US36081011200",-0.476097981273114
"1400000US36081011300",0.347603008201649
"1400000US36081011400",-0.58608960216954
"1400000US36081011500",-0.470000223437477
"1400000US36081011600",-0.245820209860005
"1400000US36081011700",-0.0642147223645484
"1400000US36081011800",-0.197507171996162
"1400000US36081011900",-0.270197122361918
"1400000US36081012000",-0.148893796826493
"1400000US36081012100",-0.291521520578024
"1400000US36081012200",-0.333080773589203
"1400000US36081012301",-1.02701416780575
"1400000US36081012400",-0.294159483548031
"1400000US36081012500",-0.635335529808666
"1400000US36081012601",-0.186594320886758
"1400000US36081012602",-0.104275035737509
"1400000US36081012800",-0.458400647788197
"1400000US36081013000",-0.717131853296902
"1400000US36081013200",-0.713121086236774
"1400000US36081013400",0.733702111712776
"1400000US36081013500",-0.626609563931771
"1400000US36081013600",-0.425328461774293
"1400000US36081013700",-0.814070524957028
"1400000US36081013800",0.160898246011452
"1400000US36081014000",-0.171670039338535
"1400000US36081014100",-0.691130947912274
"1400000US36081014201",0.139746280147331
"1400000US36081014202",-1.05014066889562
"1400000US36081014300",0.79196464340141
"1400000US36081014400",-0.693218463984472
"1400000US36081014500",-0.0999918407791842
"1400000US36081014700",0.123967263634476
"1400000US36081014800",-0.375862437718679
"1400000US36081014900",0.450014393159129
"1400000US36081015000",-0.164092602205508
"1400000US36081015100",0.145753258742257
"1400000US36081015200",-0.338522730690128
"1400000US36081015300",-0.0946519440680834
"1400000US36081015400",-0.247045064707236
"1400000US36081015500",-0.271473918255339
"1400000US36081015600",-0.264504139810494
"1400000US36081015700",-0.507967778400151
"1400000US36081015801",-0.479406760502029
"1400000US36081015802",-0.227452189960824
"1400000US36081015900",0.397311279417773
"1400000US36081016100",0.228614977430584
"1400000US36081016300",0.0828792080146373
"1400000US36081016400",-0.173381870118122
"1400000US36081016600",-0.200499219983067
"1400000US36081016800",-0.458048214114581
"1400000US36081016900",0.378120214465004
"1400000US36081017000",-0.524531774846911
"1400000US36081017100",-1.38692342848323
"1400000US36081017200",-0.588824509694106
"1400000US36081017400",-0.533913586962192
"1400000US36081017600",-0.569259231170886
"1400000US36081017800",-0.647908068689891
"1400000US36081017900",-1.2224968154939
"1400000US36081018000",-0.827802530626476
"1400000US36081018101",1.66143234206872
"1400000US36081018102",1.59366405886612
"1400000US36081018200",-0.739865128290954
"1400000US36081018300",0.673915841925435
"1400000US36081018401",-0.632736751172532
"1400000US36081018402",-0.621780183061264
"1400000US36081018501",1.29614595827965
"1400000US36081018502",1.31609008097628
"1400000US36081018600",-0.722032919765445
"1400000US36081018700",-0.455820816377083
"1400000US36081018800",-0.87608790825416
"1400000US36081018900",-0.212993180500219
"1400000US36081019000",-0.621176529456845
"1400000US36081019200",-0.68360159668357
"1400000US36081019400",-0.748669076868553
"1400000US36081019600",-0.519217778433833
"1400000US36081019800",-0.355537147431618
"1400000US36081019900",-1.33857411961513
"1400000US36081020200",-0.694413789813007
"1400000US36081020400",-0.852234048195946
"1400000US36081020500",-1.23922201926808
"1400000US36081020600",-0.570685597274144
"1400000US36081020800",-1.03685097326092
"1400000US36081021200",-0.520269979738429
"1400000US36081021400",-0.179313069298461
"1400000US36081021600",-0.942654535678407
"1400000US36081021900",-1.38698294864759
"1400000US36081022001",-0.269859739356179
"1400000US36081022002",-0.0403181429246822
"1400000US36081022900",-1.38591429056411
"1400000US36081023000",-0.60153033454655
"1400000US36081023200",-0.239498923322101
"1400000US36081023500",0.94418148680428
"1400000US36081023600",-0.29117883782087
"1400000US36081023800",0.993744558337456
"1400000US36081024000",0.0960287004480476
"1400000US36081024300",-0.652184304278846
"1400000US36081024500",-0.051543711179618
"1400000US36081024600",-1.38739060297923
"1400000US36081024700",-0.160422595332956
"1400000US36081024900",0.702893209076281
"1400000US36081025100",0.379388042865767
"1400000US36081025301",1.25055537912383
"1400000US36081025302",0.675975793182524
"1400000US36081025400",-0.443334273276497
"1400000US36081025500",-0.883514186791937
"1400000US36081025700",-0.63884454348986
"1400000US36081025800",-0.704829979723663
"1400000US36081025900",-0.0117139220091901
"1400000US36081026000",-0.427306047704564
"1400000US36081026100",1.05581978870511
"1400000US36081026200",-0.639353875865037
"1400000US36081026300",0.904931872753345
"1400000US36081026400",-0.737943089595475
"1400000US36081026500",0.376841971072365
"1400000US36081026600",-0.644624977986127
"1400000US36081026700",0.702321640881177
"1400000US36081026901",2.01275426668311
"1400000US36081026902",2.77930596658553
"1400000US36081027000",-0.736446133620831
"1400000US36081027100",3.2137651368256
"1400000US36081027200",-0.508216236604973
"1400000US36081027300",1.57412856278776
"1400000US36081027400",-0.503512252672319
"1400000US36081027500",1.45145442227234
"1400000US36081027600",-0.849290186153253
"1400000US36081027700",2.27866167006031
"1400000US36081027800",-0.451277726821775
"1400000US36081027900",1.2233920007002
"1400000US36081028000",-0.703718956388164
"1400000US36081028100",1.01423367180971
"1400000US36081028200",-0.76996384733976
"1400000US36081028300",1.6675327408384
"1400000US36081028400",-0.79986598555996
"1400000US36081028500",0.811571935745638
"1400000US36081028700",0.940285689562256
"1400000US36081028800",-0.900628289937513
"1400000US36081028900",0.813492960690142
"1400000US36081029100",0.59182560986774
"1400000US36081029300",-0.73718047289973
"1400000US36081029400",-0.928924717118728
"1400000US36081029500",0.0886819802358526
"1400000US36081029700",-1.08479093783374
"1400000US36081029900",-1.38739060297923
"1400000US36081030600",-1.15695564151769
"1400000US36081030902",0.046134485060125
"1400000US36081030903",0.0163652152404176
"1400000US36081030904",-0.714940035459288
"1400000US36081031700",-0.736947306327191
"1400000US36081032000",-1.05809965436622
"1400000US36081032700",0.677821295754953
"1400000US36081032800",-0.907448158711369
"1400000US36081032900",-0.713512679558616
"1400000US36081033000",-0.836259903641244
"1400000US36081033100",-1.38739060297923
"1400000US36081033401",-0.978933608196517
"1400000US36081033402",-0.172356636899687
"1400000US36081033700",0.369317898796458
"1400000US36081033900",0.262968755146095
"1400000US36081034700",-0.763285242338544
"1400000US36081035100",0.842132467122939
"1400000US36081035200",-1.09653672700419
"1400000US36081035300",-0.117643209063152
"1400000US36081035700",-0.755343045109926
"1400000US36081035800",-0.836374554364688
"1400000US36081036100",-0.258710002169234
"1400000US36081036300",-0.0863951736156545
"1400000US36081036500",0.324043517235057
"1400000US36081036600",-0.873070323989577
"1400000US36081036700",-0.384779360455349
"1400000US36081036800",-0.628346551258438
"1400000US36081037100",-0.693073242469264
"1400000US36081037300",-0.628960898367862
"1400000US36081037500",0.397382684734669
"1400000US36081037600",-0.851167712805089
"1400000US36081037700",0.720587968561653
"1400000US36081037900",0.928388301645985
"1400000US36081038100",0.39287200342491
"1400000US36081038301",-1.38739060297923
"1400000US36081038302",-1.38648780102799
"1400000US36081038400",-0.813086716651385
"1400000US36081039400",-0.793949479379546
"1400000US36081039800",-0.784838083379447
"1400000US36081039900",0.390273610379958
"1400000US36081040000",-0.913975206116691
"1400000US36081040100",1.2122887730498
"1400000US36081040200",-0.928592369876625
"1400000US36081040300",1.09426983360145
"1400000US36081040400",-0.786155130000822
"1400000US36081040500",0.486555439501909
"1400000US36081040700",1.65340947561418
"1400000US36081040900",1.05141205637471
"1400000US36081041100",0.701460524047393
"1400000US36081041300",0.674715022670044
"1400000US36081041400",-0.762403711172178
"1400000US36081041500",0.444945957051619
"1400000US36081042400",-1.08154396660465
"1400000US36081042600",-1.31653433388444
"1400000US36081042700",0.594396578637451
"1400000US36081043200",-1.02359769806541
"1400000US36081043400",-0.690012419048762
"1400000US36081043701",0.268877105653239
"1400000US36081043702",1.16125287791478
"1400000US36081043900",0.744173433026412
"1400000US36081044000",-0.678541432139386
"1400000US36081044301",0.830363267392463
"1400000US36081044302",-0.0116488794359471
"1400000US36081044400",-1.12453763854018
"1400000US36081044601",-0.28683440653914
"1400000US36081044602",0.587794455630128
"1400000US36081044800",-0.474151170208845
"1400000US36081045000",-0.557018189709656
"1400000US36081045200",-0.992829721364519
"1400000US36081045400",0.136817238173521
"1400000US36081045500",4.49632790182137
"1400000US36081045600",-0.777121656313638
"1400000US36081045700",0.24460963768929
"1400000US36081045800",-0.780458366954585
"1400000US36081045900",0.738746897870676
"1400000US36081046000",0.599985050411171
"1400000US36081046100",0.617360488531051
"1400000US36081046200",0.744392435166872
"1400000US36081046300",0.582196026958887
"1400000US36081046400",-0.880176807182595
"1400000US36081046500",1.00905767192876
"1400000US36081046600",-0.450166026265642
"1400000US36081046700",2.27924473207525
"1400000US36081046800",-0.166444573472167
"1400000US36081046900",2.75742760201404
"1400000US36081047000",-0.350684877612582
"1400000US36081047100",0.661896909731091
"1400000US36081047200",-0.854076470501961
"1400000US36081047300",0.216615101782428
"1400000US36081047500",-0.254203870133171
"1400000US36081047600",-1.20893838572532
"1400000US36081047800",-0.793992225554646
"1400000US36081047900",-0.356241978780318
"1400000US36081048000",-0.59054200295421
"1400000US36081048100",2.18137005846544
"1400000US36081048200",-0.917543313378054
"1400000US36081048300",-0.0727763981129707
"1400000US36081048400",-0.512726688429488
"1400000US36081048500",-0.40082759615013
"1400000US36081048900",-1.07500586700936
"1400000US36081049200",-0.669524323225569
"1400000US36081049301",-0.435463225610591
"1400000US36081049302",-0.636150074483029
"1400000US36081049500",-0.581410028063862
"1400000US36081049600",-0.575105042870955
"1400000US36081049700",-0.27197458077361
"1400000US36081049900",-0.604756954466959
"1400000US36081050000",-0.440689805461878
"1400000US36081050201",-0.772976690714987
"1400000US36081050202",-0.743613230230535
"1400000US36081050400",-0.766914285141554
"1400000US36081050500",-0.323741002688
"1400000US36081050600",-0.836143234430267
"1400000US36081050700",-0.69158734296046
"1400000US36081050800",-0.774720697402943
"1400000US36081051000",-0.777540790008441
"1400000US36081051100",-0.827971405096844
"1400000US36081051200",-0.877121932532843
"1400000US36081051300",-0.491927901962992
"1400000US36081051500",-0.460347563957839
"1400000US36081051600",-0.646141456232344
"1400000US36081051700",-0.817933989226291
"1400000US36081051800",-0.554852483896863
"1400000US36081052000",-0.740733566675517
"1400000US36081052100",-0.625343683025448
"1400000US36081052200",-0.72695263610825
"1400000US36081052400",-0.738373882333734
"1400000US36081052500",-0.639810180302426
"1400000US36081052600",-0.663132171156355
"1400000US36081052800",-0.802126881487386
"1400000US36081053000",-0.674808039883958
"1400000US36081053100",-0.849619139280433
"1400000US36081053200",-0.74125304426286
"1400000US36081053401",-0.84984529876003
"1400000US36081053500",-1.22599129541911
"1400000US36081053601",-0.782473461976324
"1400000US36081053800",-0.708486260891568
"1400000US36081053900",-0.887097609400957
"1400000US36081054000",-0.796921239179358
"1400000US36081054200",-0.701464964502861
"1400000US36081054500",0.995916645772923
"1400000US36081054700",1.21448121455481
"1400000US36081054800",-0.634411614347054
"1400000US36081054900",1.01844956584755
"1400000US36081055100",0.770901680231031
"1400000US36081055200",-0.8469197310305
"1400000US36081055300",-0.135360645615943
"1400000US36081055400",-0.622639243271177
"1400000US36081055500",-0.341110046688225
"1400000US36081055600",-0.692659025026855
"1400000US36081055700",-0.186670852409862
"1400000US36081055800",-0.729562116160007
"1400000US36081055900",-0.84178968620175
"1400000US36081056000",-0.825142310221148
"1400000US36081056100",-1.38549351916598
"1400000US36081056200",-0.692948080305304
"1400000US36081056400",-0.694668203633009
"1400000US36081056500",-0.410828598743001
"1400000US36081056600",-0.82666705418976
"1400000US36081056700",-0.329766628188905
"1400000US36081056800",-0.995481562625344
"1400000US36081057700",0.0371989487205239
"1400000US36081057900",0.318026053262113
"1400000US36081058000",-0.943391192984381
"1400000US36081058100",-0.0185560514187393
"1400000US36081058200",-0.804145840130365
"1400000US36081058300",0.277369696855301
"1400000US36081058500",0.350183266759523
"1400000US36081058700",0.282313226091424
"1400000US36081058900",0.47146997334393
"1400000US36081059000",-0.891578545143083
"1400000US36081059100",0.723683019173288
"1400000US36081059200",-1.05576974454658
"1400000US36081059300",-0.260431250142274
"1400000US36081059400",-0.880581786770041
"1400000US36081059500",-0.514445820210389
"1400000US36081059600",-0.896641398922767
"1400000US36081059800",-0.804764891264867
"1400000US36081059900",-0.508767805405227
"1400000US36081060000",-0.949869670853118
"1400000US36081060100",-0.386525760444612
"1400000US36081060300",-0.698691977840011
"1400000US36081060600",-0.917744238194456
"1400000US36081060701",-1.38482176872677
"1400000US36081060800",-0.89811232455042
"1400000US36081061000",-0.996102185537476
"1400000US36081061200",-0.941940788006689
"1400000US36081061301",-0.844354821557024
"1400000US36081061302",-1.38452958470545
"1400000US36081061400",-1.03764666068585
"1400000US36081061601",-0.963882191294293
"1400000US36081061602",-1.18779941073513
"1400000US36081061800",-0.909251370038884
"1400000US36081061900",-0.596720744727705
"1400000US36081062000",-0.898236336004522
"1400000US36081062100",-0.628052551375508
"1400000US36081062200",-1.05638552248799
"1400000US36081062300",-0.550678473925302
"1400000US36081062400",-1.38724854174792
"1400000US36081062500",-0.50780711362082
"1400000US36081062600",-0.944087730813053
"1400000US36081062700",-0.0473757116599765
"1400000US36081062900",-0.216561488081479
"1400000US36081063000",-0.782644099936525
"1400000US36081063200",-0.860564522873155
"1400000US36081063301",-0.616820480736479
"1400000US36081063302",-0.578372637307385
"1400000US36081063500",-0.417439475133866
"1400000US36081063700",-1.05442735475447
"1400000US36081063800",-1.02525258970879
"1400000US36081063900",-0.596085072969824
"1400000US36081064101",0.199553357058711
"1400000US36081064102",-1.38366190766605
"1400000US36081064500",-0.916845347883592
"1400000US36081064600",-0.873047758140904
"1400000US36081065000",-0.902510760750374
"1400000US36081065400",-1.0805994713072
"1400000US36081065501",-1.38739060297923
"1400000US36081065600",-0.767570241532456
"1400000US36081065702",-0.542170873715062
"1400000US36081065703",-0.67601988064723
"1400000US36081065900",-0.759110817567352
"1400000US36081066000",-0.776243629714992
"1400000US36081066100",-0.566563571905361
"1400000US36081066300",-1.02462323496858
"1400000US36081066400",-1.13055950962407
"1400000US36081066501",-0.656612995497887
"1400000US36081066701",-0.642118966493701
"1400000US36081066900",-0.607175224966956
"1400000US36081067100",-0.716274012509461
"1400000US36081067700",-0.684170118702216
"1400000US36081067900",-0.199838129536908
"1400000US36081068000",-0.939276128969955
"1400000US36081068200",-1.03928770297571
"1400000US36081068300",-0.133053734216383
"1400000US36081068700",-0.100820670260079
"1400000US36081069000",-0.709625110469949
"1400000US36081069300",0.189272638125638
"1400000US36081069400",-0.92232154635901
"1400000US36081069500",-0.66490806762613
"1400000US36081069701",0.657021989965728
"1400000US36081069702",-0.74156367510003
"1400000US36081070300",-0.775791621703508
"1400000US36081070700",-0.625607065063058
"1400000US36081070900",-0.557492252597746
"1400000US36081071100",-0.359665555758179
"1400000US36081071303",1.13115907586854
"1400000US36081071304",1.38220027161979
"1400000US36081071305",1.30462628218991
"1400000US36081071306",1.10260341446259
"1400000US36081071600",-1.38739060297923
"1400000US36081071701",0.473214853562332
"1400000US36081071702",-0.0501286750644837
"1400000US36081071900",-0.173105736129134
"1400000US36081072100",0.750209612320603
"1400000US36081072300",-1.0560832024633
"1400000US36081072900",-0.870858301271806
"1400000US36081073100",-0.803096783785127
"1400000US36081073700",-0.678132086129335
"1400000US36081073900",0.246693152058807
"1400000US36081074100",-0.103169369529097
"1400000US36081074300",0.209956340501121
"1400000US36081074500",0.177218513301277
"1400000US36081074700",-0.546429965150832
"1400000US36081074900",-1.09052123113957
"1400000US36081075701",0.348983272057456
"1400000US36081075702",-0.464630667398237
"1400000US36081076901",0.250643622449641
"1400000US36081076902",-0.417986634505694
"1400000US36081077300",-0.807179634144708
"1400000US36081077500",-0.648682783747219
"1400000US36081077902",-0.707113578857821
"1400000US36081077903",-0.578586055897698
"1400000US36081077904",-0.208275224256836
"1400000US36081077905",-0.733598827873177
"1400000US36081077906",-0.458408725322561
"1400000US36081077907",-0.291312070274089
"1400000US36081077908",-0.0229500948121267
"1400000US36081078800",-0.697045402550222
"1400000US36081079000",-0.671825993472618
"1400000US36081079200",-0.923169596920253
"1400000US36081079300",-1.38730598295497
"1400000US36081079701",3.25323020451382
"1400000US36081079702",-0.248163624336519
"1400000US36081079900",-0.51181279759468
"1400000US36081080301",-0.396272336657985
"1400000US36081080302",-0.801275464188679
"1400000US36081080900",-0.889585176520105
"1400000US36081081400",-0.680882397014847
"1400000US36081081800",-0.710694611754084
"1400000US36081083700",-0.878802637537919
"1400000US36081083800",-0.652829951132721
"1400000US36081084000",-0.553233024586142
"1400000US36081084500",0.68115841474532
"1400000US36081084601",-0.786798624380481
"1400000US36081084602",-1.28112907216708
"1400000US36081084900",0.457975291721433
"1400000US36081085300",0.774330009646517
"1400000US36081085500",2.34286938430003
"1400000US36081085700",1.90161357976792
"1400000US36081085900",1.55343614000183
"1400000US36081086100",-0.221135149360993
"1400000US36081086300",2.30866864888677
"1400000US36081086400",-1.21188786873242
"1400000US36081086500",0.720823014929698
"1400000US36081086900",-1.11735569404825
"1400000US36081087100",-1.0818639838198
"1400000US36081088400",-1.04170387290972
"1400000US36081088901",-0.180515253036701
"1400000US36081089200",-1.19663283364422
"1400000US36081090700",-1.3394685732967
"1400000US36081091601",-1.29599986557468
"1400000US36081091602",-1.38739060297923
"1400000US36081091800",-1.38637645949742
"1400000US36081091900",-0.392901656276626
"1400000US36081092200",-1.1482528994863
"1400000US36081092500",-0.525110339357757
"1400000US36081092800",-1.07689075647223
"1400000US36081092900",-0.870565586310273
"1400000US36081093401",-0.871541466552481
"1400000US36081093402",-0.693517088056302
"1400000US36081093800",-0.926726696285859
"1400000US36081093900",-0.891156343722274
"1400000US36081094201",-0.722332217458335
"1400000US36081094202",-0.939599824772525
"1400000US36081094203",-0.559735083395159
"1400000US36081094500",-1.19754333257525
"1400000US36081094700",-0.694780730677132
"1400000US36081095400",-0.900437533539173
"1400000US36081096400",-1.02504785762952
"1400000US36081097202",-0.995061237180613
"1400000US36081097203",-1.05397596956059
"1400000US36081097204",-0.725151503365713
"1400000US36081097300",-1.10328337835837
"1400000US36081098100",-1.13062347019489
"1400000US36081098700",-1.11404010335181
"1400000US36081099100",-0.949035120497075
"1400000US36081099200",-0.920570541457346
"1400000US36081099701",-1.18291878642334
"1400000US36081099703",-0.943239034046799
"1400000US36081099704",-0.652288892252384
"1400000US36081099705",-0.937661133159519
"1400000US36081099801",-0.173149767679173
"1400000US36081099802",-0.580863044353681
"1400000US36081099900",-1.38739060297923
"1400000US36081100801",-1.12523745627377
"1400000US36081100802",-0.79842214581775
"1400000US36081101001",-0.467633429904113
"1400000US36081101002",-0.842985512879324
"1400000US36081101700",-0.966343357754726
"1400000US36081102900",-0.900268916293944
"1400000US36081103201",-0.232207849619524
"1400000US36081103202",-0.74783297293634
"1400000US36081103300",-0.890132817687024
"1400000US36081103900",-0.872658566480328
"1400000US36081104700",-0.751052742752021
"1400000US36081105900",-0.986589430147409
"1400000US36081107201",-1.25935227398163
"1400000US36081107202",-1.38739060297923
"1400000US36081108500",-0.96337331262243
"1400000US36081109300",-1.18948947118412
"1400000US36081109700",-1.07439583580439
"1400000US36081109900",-0.761290480075131
"1400000US36081111300",-1.1188431515118
"1400000US36081112300",-0.836307609264034
"1400000US36081112900",-0.924755783263628
"1400000US36081113300",-0.939684849837367
"1400000US36081113900",-0.754820553813349
"1400000US36081114100",-0.994274930562387
"1400000US36081114700",-0.990252725633389
"1400000US36081115100",-1.09829037940642
"1400000US36081115500",-0.561251948716964
"1400000US36081115700",-0.59726495063082
"1400000US36081115900",-0.441350808836841
"1400000US36081116100",0.495697900023316
"1400000US36081116300",1.2598382986976
"1400000US36081116700",-0.476296627195419
"1400000US36081117100",-0.883114945914929
"1400000US36081117500",-0.736946257525876
"1400000US36081118100",-0.697316643663371
"1400000US36081118500",-0.389748318118377
"1400000US36081118700",-0.40156734892088
"1400000US36081118900",-0.494387335384486
"1400000US36081119100",-0.286528950259838
"1400000US36081119300",-0.606292209740366
"1400000US36081119500",-0.865780341647415
"1400000US36081119900",-0.788886864361889
"1400000US36081120100",-0.637657179798505
"1400000US36081120300",-0.734049088692313
"1400000US36081120500",-0.292586118605579
"1400000US36081120700",-1.09193387733737
"1400000US36081121100",-1.38739060297923
"1400000US36081121500",-0.910383088881878
"1400000US36081122300",-0.866256361396894
"1400000US36081122701",-0.253807279529662
"1400000US36081122702",-0.343611159312156
"1400000US36081124100",-0.815429213935253
"1400000US36081124700",-0.848108276600306
"1400000US36081125700",-0.680790978818612
"1400000US36081126500",-0.783378175286487
"1400000US36081126700",-1.00573634774736
"1400000US36081127700",-1.13797951913521
"1400000US36081128300",-1.38468756517158
"1400000US36081129102",-1.14408232226418
"1400000US36081129103",-0.814998580975635
"1400000US36081129104",-0.958143907112181
"1400000US36081130100",-0.991372253430014
"1400000US36081133300",-1.00002296274897
"1400000US36081133900",-0.965975096196015
"1400000US36081134100",-0.982823439196002
"1400000US36081134700",-0.728669376955435
"1400000US36081136700",-0.828522598839186
"1400000US36081137700",-0.741461546501611
"1400000US36081138501",-1.03755034237175
"1400000US36081138502",-1.38511132181774
"1400000US36081139900",-1.03588085969728
"1400000US36081140300",-0.943723451100817
"1400000US36081140901",-1.10886023824984
"1400000US36081140902",-1.03896025966183
"1400000US36081141700",-1.0220417215008
"1400000US36081142900",-0.889053273064148
"1400000US36081143500",-0.931752681845279
"1400000US36081144100",-0.754086165122677
"1400000US36081144700",-0.86496502333002
"1400000US36081145101",-0.992181034292209
"1400000US36081145102",-0.871724863194615
"1400000US36081145900",-0.839262482726333
"1400000US36081146300",-0.713769525773843
"1400000US36081146700",-0.82042726970196
"1400000US36081147100",-0.804138760213945
"1400000US36081147900",-1.04951521503748
"1400000US36081148300",-1.23220253250904
"1400000US36081150701",-1.14268845166567
"1400000US36081150702",-1.11809343616134
"1400000US36081152901",-1.0539884269721
"1400000US36081152902",-1.02622802743321
"1400000US36081155101",-1.10758785224024
"1400000US36081155102",-0.970094599830632
"1400000US36081156700",-1.29512580246245
"1400000US36081157101",-0.962453740155567
"1400000US36081157102",-0.919545932654355
"1400000US36081157901",-1.0054076344892
"1400000US36081157902",-0.998748348368692
"1400000US36081157903",-0.967373142941194
"1400000US36081161700",-0.941900588571355
"1400000US36081162100",-0.749330452143349
"1400000US36081990100",-1.38739060297923
"1400000US36085000300",-1.14585261138114
"1400000US36085000600",-1.21896227254656
"1400000US36085000700",-0.818222732847223
"1400000US36085000800",-0.875870275127972
"1400000US36085000900",-0.720507845633483
"1400000US36085001100",-0.489432915548598
"1400000US36085001700",-0.956144907922401
"1400000US36085001800",-1.33612221314524
"1400000US36085002001",-1.01436083522256
"1400000US36085002002",-1.08754293958616
"1400000US36085002100",-1.13863287278323
"1400000US36085002700",-0.739028731387195
"1400000US36085002900",-0.663837927064259
"1400000US36085003300",-1.09581520534344
"1400000US36085003600",-0.939706480781881
"1400000US36085003900",-1.11126614304558
"1400000US36085004000",-0.584942768667803
"1400000US36085004700",-1.07281738385035
"1400000US36085005000",-1.02812466176255
"1400000US36085005900",-1.2482557989045
"1400000US36085006400",-1.02104856891204
"1400000US36085006700",-1.17499868935996
"1400000US36085007000",-1.15873438780004
"1400000US36085007400",-0.866556343617263
"1400000US36085007500",-0.791156423355519
"1400000US36085007700",-0.935188765178113
"1400000US36085008100",-1.00360680348105
"1400000US36085008900",-1.38739060297923
"1400000US36085009601",-1.00780681744259
"1400000US36085009602",-0.977153975452441
"1400000US36085009700",-1.1375917468628
"1400000US36085010500",-0.925424860758748
"1400000US36085011201",-1.12481307410759
"1400000US36085011202",-1.14998975130949
"1400000US36085011401",-0.961204141716054
"1400000US36085011402",-0.951333055115592
"1400000US36085012100",-1.08491594842419
"1400000US36085012200",-1.05014341647152
"1400000US36085012500",-0.917290687259343
"1400000US36085012804",-1.03981635088965
"1400000US36085012805",-1.1578435544029
"1400000US36085012806",-1.05694841198884
"1400000US36085013201",-1.14446932323796
"1400000US36085013203",-1.00032546197824
"1400000US36085013204",-1.04813139821624
"1400000US36085013301",0.388211573058479
"1400000US36085013302",-1.07760483809048
"1400000US36085013400",-1.04777130164873
"1400000US36085013800",-1.04742609575662
"1400000US36085014100",-0.756638208246416
"1400000US36085014604",-0.970916067058766
"1400000US36085014605",-1.06670279996949
"1400000US36085014606",-1.12354475748875
"1400000US36085014607",-0.896345917632472
"1400000US36085014608",-0.81454846540422
"1400000US36085014700",-1.23760781992945
"1400000US36085015100",-1.01257644789993
"1400000US36085015400",-1.38739060297923
"1400000US36085015601",-1.06327831386572
"1400000US36085015602",-1.11149807949604
"1400000US36085015603",-1.08916811386187
"1400000US36085016901",-1.1145372104208
"1400000US36085017005",-1.16700703039263
"1400000US36085017007",-1.13753457117971
"1400000US36085017008",-0.868138465654761
"1400000US36085017009",-1.09451244920708
"1400000US36085017010",-0.8212015534396
"1400000US36085017011",-0.924411094586354
"1400000US36085017012",-1.07542433368458
"1400000US36085017300",-0.849179255818592
"1400000US36085017600",-1.28393723917637
"1400000US36085017700",-1.24285907800723
"1400000US36085018100",-1.34557380378511
"1400000US36085018701",-1.04092295906056
"1400000US36085018702",-0.84814932816352
"1400000US36085018901",-1.02800332829592
"1400000US36085018902",-0.920545041514837
"1400000US36085019700",-0.931972241511272
"1400000US36085019800",-1.30807913826334
"1400000US36085020100",-0.971055185157587
"1400000US36085020700",-0.897974554508464
"1400000US36085020801",-1.13420201056512
"1400000US36085020803",-1.16192522300194
"1400000US36085020804",-1.09449376190256
"1400000US36085021300",-0.88570015990528
"1400000US36085022300",-1.11526838776243
"1400000US36085022600",-1.31052729896035
"1400000US36085022800",-1.38659436384022
"1400000US36085023100",-0.809030346444005
"1400000US36085023900",-0.936467893869235
"1400000US36085024401",-1.18449463158173
"1400000US36085024402",-1.23125296916462
"1400000US36085024700",-0.978841548747095
"1400000US36085024800",-1.18402051188877
"1400000US36085025100",-1.03144707636594
"1400000US36085027301",-1.29536919068285
"1400000US36085027302",-1.12247804442958
"1400000US36085027702",-1.0749225561005
"1400000US36085027704",-0.817761083540076
"1400000US36085027705",-0.650302163013498
"1400000US36085027706",-0.894975923690153
"1400000US36085027900",-1.35755152502715
"1400000US36085029102",-1.36397009400414
"1400000US36085029103",-1.12636117926404
"1400000US36085029104",-1.06704516027908
"1400000US36085030301",-0.882198258189071
"1400000US36085030302",-0.876228972392369
"1400000US36085031901",-0.771350839460148
"1400000US36085031902",-0.873357105875903
"1400000US36085032300",-1.36368323087774
