"GEOID","PREDICT"
"1400000US36005000100",11.7170319808724
"1400000US36005000200",11.8711791989792
"1400000US36005000400",12.2585157379583
"1400000US36005001600",10.8957134852612
"1400000US36005001900",12.3013348873713
"1400000US36005002000",9.60141553218119
"1400000US36005002300",7.22851125244248
"1400000US36005002400",12.4458986611573
"1400000US36005002500",7.59328298368027
"1400000US36005002701",7.82504623240047
"1400000US36005002702",8.78240719883723
"1400000US36005002800",10.307049366264
"1400000US36005003100",10.9803087295825
"1400000US36005003300",9.55791210419781
"1400000US36005003500",9.13812008088747
"1400000US36005003700",12.223722112753
"1400000US36005003800",9.63553668025603
"1400000US36005003900",8.7098159202658
"1400000US36005004001",10.7731280356044
"1400000US36005004100",8.45404008434063
"1400000US36005004200",10.3058649739154
"1400000US36005004300",9.58830532947388
"1400000US36005004400",9.95951933237542
"1400000US36005004600",10.4304073329982
"1400000US36005004800",9.19298408164284
"1400000US36005005001",6.67912751899892
"1400000US36005005002",6.79813696993046
"1400000US36005005100",10.3738073811583
"1400000US36005005200",10.641250878659
"1400000US36005005300",5.69984284613542
"1400000US36005005400",9.13857163345971
"1400000US36005005600",10.15749363754
"1400000US36005005902",7.43777582460504
"1400000US36005006000",12.0809863035595
"1400000US36005006100",9.92508125199808
"1400000US36005006200",8.17498057528004
"1400000US36005006300",11.1847561445428
"1400000US36005006400",9.22210794491019
"1400000US36005006500",9.58395870571377
"1400000US36005006700",8.53842527710109
"1400000US36005006800",10.092299012942
"1400000US36005006900",7.74511220146832
"1400000US36005007000",9.60305268563648
"1400000US36005007100",11.6373503067679
"1400000US36005007200",9.24914216816
"1400000US36005007300",9.14764726540839
"1400000US36005007400",10.3114385084397
"1400000US36005007500",9.84389212201244
"1400000US36005007600",9.4185001673632
"1400000US36005007700",10.2982659441741
"1400000US36005007800",9.96570197246151
"1400000US36005007900",8.3765387880558
"1400000US36005008300",8.89365843594634
"1400000US36005008400",10.5504258775008
"1400000US36005008500",8.84579692989826
"1400000US36005008600",9.9147463746781
"1400000US36005008700",9.29502977704693
"1400000US36005008900",8.90017405535937
"1400000US36005009000",11.9802679367378
"1400000US36005009200",10.687201250774
"1400000US36005009300",12.1458708367633
"1400000US36005009600",12.1463465299291
"1400000US36005009800",11.0734902724138
"1400000US36005011000",12.8742359379413
"1400000US36005011502",10.6609699297696
"1400000US36005011700",12.2867245848005
"1400000US36005011800",12.2786270239486
"1400000US36005011900",8.33513509808825
"1400000US36005012101",9.19936286598211
"1400000US36005012102",8.61382427436195
"1400000US36005012300",10.6093182942201
"1400000US36005012500",9.66276985610784
"1400000US36005012701",9.79664059874357
"1400000US36005012901",9.3703459163383
"1400000US36005013000",11.3148805613422
"1400000US36005013100",10.0629884820605
"1400000US36005013200",11.5863058069887
"1400000US36005013300",8.1511112531115
"1400000US36005013500",10.3482453148988
"1400000US36005013800",11.8336454684902
"1400000US36005014100",10.1372906083446
"1400000US36005014300",11.515791907859
"1400000US36005014400",11.0084361003239
"1400000US36005014500",8.60484109721325
"1400000US36005014701",7.09329142042694
"1400000US36005014702",7.25107354489951
"1400000US36005014900",8.84113372957248
"1400000US36005015100",9.52420458634391
"1400000US36005015200",11.7646739517809
"1400000US36005015300",10.5322265687762
"1400000US36005015500",9.33015834395816
"1400000US36005015700",11.1300372009738
"1400000US36005015800",11.4222750980314
"1400000US36005015900",9.83680720453927
"1400000US36005016000",11.7357379334449
"1400000US36005016100",9.99406856685338
"1400000US36005016200",11.345216016836
"1400000US36005016300",12.4663424501534
"1400000US36005016400",11.8915315587871
"1400000US36005016500",11.9910529251103
"1400000US36005016600",11.7978761459036
"1400000US36005016700",10.9082504308529
"1400000US36005016900",9.76975342930194
"1400000US36005017100",12.5724642482488
"1400000US36005017300",8.07638990678898
"1400000US36005017500",7.46409629897231
"1400000US36005017701",7.87620294031096
"1400000US36005017702",8.39378626006368
"1400000US36005017901",6.24393954296428
"1400000US36005017902",7.3424136570556
"1400000US36005018101",7.77632693723802
"1400000US36005018102",6.30066318581098
"1400000US36005018301",5.1930588631246
"1400000US36005018302",8.17161432471539
"1400000US36005018400",11.5208492231054
"1400000US36005018500",10.3625760624404
"1400000US36005018900",9.53929826032233
"1400000US36005019300",9.62705609694366
"1400000US36005019400",12.1824160066939
"1400000US36005019500",7.67518863930309
"1400000US36005019700",7.0454156821126
"1400000US36005019900",7.43715759506175
"1400000US36005020000",10.6975325604216
"1400000US36005020100",10.5459574925246
"1400000US36005020200",10.1177598425031
"1400000US36005020400",9.48017716912698
"1400000US36005020501",9.57093772156944
"1400000US36005020502",10.6771709204619
"1400000US36005020601",10.0745318566918
"1400000US36005020900",8.81027249034061
"1400000US36005021001",7.56229178006848
"1400000US36005021002",7.9955116912074
"1400000US36005021100",8.49933927607586
"1400000US36005021200",6.86958191593741
"1400000US36005021301",10.8438717953251
"1400000US36005021302",8.95902851545189
"1400000US36005021501",8.25065842162879
"1400000US36005021502",8.20083934742166
"1400000US36005021601",9.26725182127911
"1400000US36005021602",8.45052568513703
"1400000US36005021700",8.69318238735539
"1400000US36005021800",9.71136151416185
"1400000US36005021900",11.2859912366466
"1400000US36005022000",11.910586194259
"1400000US36005022101",6.52805050437378
"1400000US36005022102",5.57715749334252
"1400000US36005022200",10.6588783447978
"1400000US36005022300",6.66044343152097
"1400000US36005022401",9.11099423024842
"1400000US36005022403",9.47505359189349
"1400000US36005022404",7.01492768502341
"1400000US36005022500",7.90221616272947
"1400000US36005022701",7.62265328810147
"1400000US36005022702",8.64274668739829
"1400000US36005022703",8.46167108367395
"1400000US36005022800",8.12360270664392
"1400000US36005022901",7.58894757074018
"1400000US36005022902",8.56472806045957
"1400000US36005023000",9.91767953539855
"1400000US36005023100",11.0018033540936
"1400000US36005023200",9.74635020696994
"1400000US36005023301",8.24520762793398
"1400000US36005023302",6.93361496268183
"1400000US36005023501",7.11780040269879
"1400000US36005023502",7.44428527256167
"1400000US36005023600",9.73482541197172
"1400000US36005023702",9.45066587820548
"1400000US36005023703",6.99671473362753
"1400000US36005023704",6.7647370501004
"1400000US36005023800",11.3190711587762
"1400000US36005023900",7.47074308756306
"1400000US36005024000",10.4168095318794
"1400000US36005024100",7.40060577483305
"1400000US36005024300",8.05731121612639
"1400000US36005024400",10.6766238590257
"1400000US36005024501",7.67969283250089
"1400000US36005024502",8.58410222785294
"1400000US36005024600",10.3477399620197
"1400000US36005024700",11.2281532834281
"1400000US36005024800",10.8369780200065
"1400000US36005024900",12.9917787708261
"1400000US36005025000",10.7745604119335
"1400000US36005025100",8.69035621483579
"1400000US36005025200",10.5242785849186
"1400000US36005025300",7.14506553561003
"1400000US36005025400",10.7800592428284
"1400000US36005025500",8.39407557897821
"1400000US36005025600",11.058108798669
"1400000US36005025700",11.1176653346277
"1400000US36005026100",11.7223050485304
"1400000US36005026300",7.86704145948213
"1400000US36005026400",10.8826899106666
"1400000US36005026500",8.72634427650565
"1400000US36005026601",9.35861632401927
"1400000US36005026602",9.72786246365831
"1400000US36005026701",6.98542592183099
"1400000US36005026702",8.0515469351155
"1400000US36005026900",11.6604739111526
"1400000US36005027300",8.26481516498355
"1400000US36005027401",11.8206936553624
"1400000US36005027402",12.1539621069104
"1400000US36005027600",12.5355114829049
"1400000US36005027700",8.83750830171344
"1400000US36005027900",9.09733775841025
"1400000US36005028100",8.82871738647179
"1400000US36005028300",10.6932700704334
"1400000US36005028400",12.0426664351793
"1400000US36005028500",11.1325186837143
"1400000US36005028600",11.8522587602427
"1400000US36005028700",9.6426455156006
"1400000US36005028800",11.5166822297002
"1400000US36005028900",9.33475581031508
"1400000US36005029301",12.322044268221
"1400000US36005029302",11.0001720738904
"1400000US36005029500",9.929024178067
"1400000US36005029600",12.0165033585
"1400000US36005029700",10.3529417117143
"1400000US36005030000",10.0902805557606
"1400000US36005030100",11.3975778955191
"1400000US36005030200",10.0809906980022
"1400000US36005030701",10.663836325465
"1400000US36005030900",12.5638288707655
"1400000US36005031000",11.2994651231626
"1400000US36005031200",11.6027258138812
"1400000US36005031400",11.1424915731224
"1400000US36005031600",11.1994467447667
"1400000US36005031800",11.3281969690415
"1400000US36005031900",12.9541829029359
"1400000US36005032300",11.4435222859568
"1400000US36005032400",10.9494395044064
"1400000US36005032600",11.3307055981586
"1400000US36005032800",9.92185192693548
"1400000US36005033000",8.96772846284669
"1400000US36005033201",8.78416693096807
"1400000US36005033202",8.28775456388318
"1400000US36005033400",12.7394332692711
"1400000US36005033500",12.4938782810585
"1400000US36005033600",8.5224601789996
"1400000US36005033700",11.970175325634
"1400000US36005033800",9.43773860593103
"1400000US36005034000",8.80413156216038
"1400000US36005034200",10.9959763692692
"1400000US36005034300",10.5237754773138
"1400000US36005034400",11.0237655420932
"1400000US36005034500",11.1106623086854
"1400000US36005034800",10.6258262121401
"1400000US36005035000",11.061105597903
"1400000US36005035100",12.5839852292749
"1400000US36005035600",12.3589395927566
"1400000US36005035800",11.0170894761299
"1400000US36005035900",10.0959464179028
"1400000US36005036000",11.3596001454107
"1400000US36005036100",8.47803145726928
"1400000US36005036300",8.46714794134305
"1400000US36005036400",10.7937352941216
"1400000US36005036501",7.5292273449361
"1400000US36005036502",9.33957407823307
"1400000US36005036700",8.64341746969056
"1400000US36005036800",11.0278472015816
"1400000US36005036901",9.83914787613306
"1400000US36005036902",9.10712576496035
"1400000US36005037000",10.4905932599853
"1400000US36005037100",9.84104646877515
"1400000US36005037200",10.6084508934021
"1400000US36005037300",8.88375677019481
"1400000US36005037400",9.51341495410691
"1400000US36005037504",10.746236943354
"1400000US36005037600",10.0394449324879
"1400000US36005037800",9.73550977632256
"1400000US36005037900",9.54823827158264
"1400000US36005038000",9.55463486749378
"1400000US36005038100",7.8250378015702
"1400000US36005038200",10.5523468454068
"1400000US36005038301",7.24782319925012
"1400000US36005038302",7.70769048800261
"1400000US36005038500",9.35645159630954
"1400000US36005038600",10.0123853341899
"1400000US36005038700",10.0416221452741
"1400000US36005038800",10.4500245503623
"1400000US36005038900",8.79619797161883
"1400000US36005039000",10.3938827912951
"1400000US36005039100",8.55560961086321
"1400000US36005039200",10.7810154112392
"1400000US36005039300",7.65322525747636
"1400000US36005039400",9.34079707022241
"1400000US36005039500",11.4641605738313
"1400000US36005039600",10.4756495188793
"1400000US36005039700",11.5172098501126
"1400000US36005039800",10.6750235317648
"1400000US36005039901",8.36291153745892
"1400000US36005039902",7.50131942616595
"1400000US36005040100",9.33991900434105
"1400000US36005040302",5.5778806959142
"1400000US36005040303",6.9745565339358
"1400000US36005040304",6.64296456361705
"1400000US36005040400",10.5071111879268
"1400000US36005040501",6.65229260484364
"1400000US36005040502",7.09593559950965
"1400000US36005040600",10.4981998825743
"1400000US36005040701",6.3573467308426
"1400000US36005040702",8.2154216194206
"1400000US36005040800",8.7795864759069
"1400000US36005040900",11.8955647789689
"1400000US36005041100",9.35502772734286
"1400000US36005041300",7.64718183386288
"1400000US36005041400",10.5434095394824
"1400000US36005041500",7.95464883899312
"1400000US36005041800",10.0380014763237
"1400000US36005041900",9.64894558506171
"1400000US36005042000",9.13024189969449
"1400000US36005042100",9.53099157956476
"1400000US36005042200",10.2035246714405
"1400000US36005042300",9.45285424429546
"1400000US36005042400",10.5516188808246
"1400000US36005042500",9.39100170679626
"1400000US36005042600",10.8929622484289
"1400000US36005042800",10.5458107594069
"1400000US36005042901",8.4136568496508
"1400000US36005042902",7.9466725725494
"1400000US36005043000",10.3400980885458
"1400000US36005043100",7.56866325537063
"1400000US36005043400",10.4585110811337
"1400000US36005043500",13.0361926711526
"1400000US36005043600",9.96295292555918
"1400000US36005044200",10.0453673618158
"1400000US36005044400",10.5766164704062
"1400000US36005044800",10.7619966470716
"1400000US36005044901",11.5672812456261
"1400000US36005044902",10.9427499167998
"1400000US36005045101",11.1946104532377
"1400000US36005045102",10.8762671039974
"1400000US36005045600",11.5004681547862
"1400000US36005045800",8.98658029180479
"1400000US36005046000",10.5288186034386
"1400000US36005046201",10.3254812348174
"1400000US36005046202",10.8943082487326
"1400000US36005048400",11.4531560435807
"1400000US36005050400",13.0409608707335
"1400000US36005051600",12.9185912181745
"1400000US36047000100",9.89730408793397
"1400000US36047000200",12.4356053946959
"1400000US36047000301",9.15720020104883
"1400000US36047000501",6.71606296821543
"1400000US36047000502",8.9660353424694
"1400000US36047000700",9.12056797390071
"1400000US36047000900",8.94907815052469
"1400000US36047001100",11.8362269199543
"1400000US36047001300",10.7833227731781
"1400000US36047001500",10.3298289591343
"1400000US36047001800",12.6531075960495
"1400000US36047002000",12.3637289928266
"1400000US36047002100",11.340028942954
"1400000US36047002200",11.0314974383092
"1400000US36047002300",8.91577858618843
"1400000US36047002901",7.88656594711818
"1400000US36047003000",9.7429300794892
"1400000US36047003100",10.7011619178093
"1400000US36047003300",10.1054687221309
"1400000US36047003400",11.3261106608427
"1400000US36047003500",10.536873789222
"1400000US36047003600",8.46196601885125
"1400000US36047003700",11.5564552048316
"1400000US36047003800",10.7668336988582
"1400000US36047003900",10.3408370996462
"1400000US36047004100",9.30317333741952
"1400000US36047004300",9.46203182834327
"1400000US36047004400",11.7621398342286
"1400000US36047004500",9.36014387735063
"1400000US36047004600",11.9922430315339
"1400000US36047004700",12.3973245737328
"1400000US36047004900",8.97516551169011
"1400000US36047005000",11.1367633178589
"1400000US36047005100",11.1996809767156
"1400000US36047005201",10.7243278656731
"1400000US36047005202",10.2587402616276
"1400000US36047005300",12.5643086605531
"1400000US36047005400",9.78849459606382
"1400000US36047005601",10.4091059531965
"1400000US36047005602",10.7306390375803
"1400000US36047005800",10.1686267487776
"1400000US36047005900",11.6725764899519
"1400000US36047006000",10.3001527346121
"1400000US36047006200",10.4245190750943
"1400000US36047006300",9.97384212150774
"1400000US36047006400",10.1403411703696
"1400000US36047006500",9.51725979621427
"1400000US36047006600",9.25448729671537
"1400000US36047006700",9.55275688613021
"1400000US36047006800",8.64888168416157
"1400000US36047006900",9.55875942151735
"1400000US36047007000",9.7270019563938
"1400000US36047007100",8.88381091939431
"1400000US36047007200",8.44527931925282
"1400000US36047007400",8.15801606733791
"1400000US36047007500",9.94958998851539
"1400000US36047007600",9.1638883564104
"1400000US36047007700",10.6419666246516
"1400000US36047007800",9.0663129644303
"1400000US36047008000",9.46754278120661
"1400000US36047008200",8.71014527141813
"1400000US36047008400",10.2774115482782
"1400000US36047008500",8.47965604321534
"1400000US36047008600",12.6934865843329
"1400000US36047008800",9.89885958119986
"1400000US36047009000",10.2264738702128
"1400000US36047009200",7.6671956301143
"1400000US36047009400",8.83403291287066
"1400000US36047009600",8.33312980349495
"1400000US36047009800",8.09822006464465
"1400000US36047010000",7.72313615841845
"1400000US36047010100",10.4222034103962
"1400000US36047010200",7.93683067881925
"1400000US36047010400",7.76949031837719
"1400000US36047010600",8.24936293726089
"1400000US36047010800",8.64222336570139
"1400000US36047011000",10.8734341997725
"1400000US36047011200",8.06571931551345
"1400000US36047011400",9.47325443263196
"1400000US36047011600",8.87677623148678
"1400000US36047011700",10.7691507739374
"1400000US36047011800",10.7462014870868
"1400000US36047011900",11.8439444818369
"1400000US36047012000",11.565119361112
"1400000US36047012100",10.9308388974126
"1400000US36047012200",8.56949320280143
"1400000US36047012600",10.3477309491577
"1400000US36047012700",9.48238393257776
"1400000US36047012801",10.0991218630389
"1400000US36047012901",10.0590854255359
"1400000US36047012902",9.98732428792042
"1400000US36047013000",8.78722370339245
"1400000US36047013100",9.18118292705233
"1400000US36047013200",10.6107004933564
"1400000US36047013300",9.42600250564375
"1400000US36047013400",10.2929174489179
"1400000US36047013500",9.64593358738405
"1400000US36047013600",9.99910591135827
"1400000US36047013700",10.3179537718591
"1400000US36047013800",10.1276919375233
"1400000US36047013900",9.57917658446471
"1400000US36047014000",10.8791765096969
"1400000US36047014100",10.0578579711513
"1400000US36047014200",10.4881293900654
"1400000US36047014300",10.4875172467511
"1400000US36047014500",10.6112975420232
"1400000US36047014700",10.5300751085566
"1400000US36047014800",11.6987863957689
"1400000US36047014900",10.4309189722484
"1400000US36047015000",11.2300452809266
"1400000US36047015100",9.75466874668196
"1400000US36047015200",11.1087887493097
"1400000US36047015300",10.1788489075915
"1400000US36047015400",12.6455316851213
"1400000US36047015500",10.0131800204901
"1400000US36047015700",9.45821878193377
"1400000US36047015900",9.8078965253242
"1400000US36047016000",10.4293811185179
"1400000US36047016100",10.0225192956754
"1400000US36047016200",10.993534928631
"1400000US36047016300",10.0726810516471
"1400000US36047016400",12.5331461226527
"1400000US36047016500",9.28832069654691
"1400000US36047016600",11.8706222324678
"1400000US36047016700",9.44538801432246
"1400000US36047016800",11.8195382916173
"1400000US36047016900",10.4857039478222
"1400000US36047017000",10.9578787673067
"1400000US36047017100",10.800877128241
"1400000US36047017200",11.0194228526727
"1400000US36047017400",11.3430156063877
"1400000US36047017500",12.750156465256
"1400000US36047017600",10.6679958060058
"1400000US36047017700",13.2221764231693
"1400000US36047017800",10.5488868495999
"1400000US36047017900",9.13873240689512
"1400000US36047018000",10.3855607189342
"1400000US36047018100",8.92525250895758
"1400000US36047018200",9.97121234679793
"1400000US36047018300",9.56797588640912
"1400000US36047018400",10.8084047778892
"1400000US36047018501",7.36910329547556
"1400000US36047018600",9.91629485540095
"1400000US36047018700",9.8743396153816
"1400000US36047018800",10.6367503954179
"1400000US36047019000",9.79775728625863
"1400000US36047019100",10.6896791859588
"1400000US36047019200",10.6742551845226
"1400000US36047019300",9.29193383256587
"1400000US36047019400",10.2302361235307
"1400000US36047019500",8.94763581418921
"1400000US36047019600",9.97201073631578
"1400000US36047019700",9.41409001600912
"1400000US36047019800",11.0773183608069
"1400000US36047019900",10.1793850979086
"1400000US36047020000",10.7154894605186
"1400000US36047020100",9.74027792385233
"1400000US36047020200",11.0972500661651
"1400000US36047020300",10.6449347672666
"1400000US36047020400",11.1167204892863
"1400000US36047020500",10.2836520313266
"1400000US36047020600",10.8621594094435
"1400000US36047020700",8.59735728046252
"1400000US36047020800",10.1496111447655
"1400000US36047021000",9.4924009242244
"1400000US36047021100",10.5173329792449
"1400000US36047021200",9.6878464243686
"1400000US36047021300",9.87695668772563
"1400000US36047021400",10.9745299368518
"1400000US36047021500",8.12111896212705
"1400000US36047021600",9.54158647205978
"1400000US36047021700",8.47635080279961
"1400000US36047021800",9.53855134046479
"1400000US36047021900",8.89398547053712
"1400000US36047022000",9.23416219896504
"1400000US36047022100",8.89710551171114
"1400000US36047022200",9.06162585946815
"1400000US36047022400",8.45554214442665
"1400000US36047022600",10.6163425697109
"1400000US36047022700",10.3020574085457
"1400000US36047022800",10.0604121264351
"1400000US36047022900",9.55611108908502
"1400000US36047023000",8.86055073291727
"1400000US36047023100",9.66108537387347
"1400000US36047023200",9.49846311387583
"1400000US36047023300",8.41604717744517
"1400000US36047023400",8.93387144353537
"1400000US36047023500",8.59324227658145
"1400000US36047023600",8.57679787913581
"1400000US36047023800",9.21270671921934
"1400000US36047024000",9.21540748154051
"1400000US36047024100",10.2624880913525
"1400000US36047024200",10.5007512799983
"1400000US36047024300",8.97405553229958
"1400000US36047024400",9.93357028794884
"1400000US36047024500",9.01727190770404
"1400000US36047024600",10.1472582633976
"1400000US36047024700",9.70035258142928
"1400000US36047024800",10.354429755729
"1400000US36047024900",9.10007759629739
"1400000US36047025000",11.0811241979111
"1400000US36047025100",8.72928335551521
"1400000US36047025200",9.15652089724594
"1400000US36047025300",9.55820535798582
"1400000US36047025400",10.1042781585568
"1400000US36047025500",7.66268292511354
"1400000US36047025600",10.4741244944183
"1400000US36047025700",10.2766546433377
"1400000US36047025800",9.42635357146004
"1400000US36047025901",8.71151156928537
"1400000US36047025902",6.20909229222023
"1400000US36047026000",9.64551600917405
"1400000US36047026100",8.84898957743922
"1400000US36047026200",10.389006969632
"1400000US36047026300",10.0169913832208
"1400000US36047026400",9.23082710733566
"1400000US36047026500",9.21041381389675
"1400000US36047026600",9.67439096190392
"1400000US36047026700",9.14774092411725
"1400000US36047026800",9.50747318225125
"1400000US36047026900",8.97422966512454
"1400000US36047027000",10.0534536720707
"1400000US36047027100",9.8140832428706
"1400000US36047027200",9.1726560233818
"1400000US36047027300",9.15328413665684
"1400000US36047027400",9.88119504832765
"1400000US36047027500",8.93173935016061
"1400000US36047027600",9.32942187674286
"1400000US36047027700",9.03805292689001
"1400000US36047027800",10.2654432311359
"1400000US36047027900",9.14718822212214
"1400000US36047028000",11.3499114008859
"1400000US36047028100",8.45763613917571
"1400000US36047028200",10.6284458683455
"1400000US36047028300",7.47974101014983
"1400000US36047028400",9.67136421349922
"1400000US36047028501",10.8759955989171
"1400000US36047028502",8.72607540818411
"1400000US36047028600",9.19488838761457
"1400000US36047028700",8.54304156427697
"1400000US36047028800",9.69389136643157
"1400000US36047028900",9.05731903755218
"1400000US36047029000",9.33622565001489
"1400000US36047029100",9.72711715312097
"1400000US36047029200",10.4584954342565
"1400000US36047029300",9.68238281467408
"1400000US36047029400",10.6106184366765
"1400000US36047029500",9.51507427815699
"1400000US36047029600",9.26489709414219
"1400000US36047029700",9.69140467634629
"1400000US36047029800",10.2247894668426
"1400000US36047029900",9.51390750121478
"1400000US36047030000",9.75457557365807
"1400000US36047030100",10.0281082445201
"1400000US36047030200",9.88910751777853
"1400000US36047030300",9.75047226011764
"1400000US36047030400",10.8926614437416
"1400000US36047030500",9.9117502423158
"1400000US36047030600",10.8899473911059
"1400000US36047030700",9.52536347769968
"1400000US36047030800",11.7497473934054
"1400000US36047030900",9.78176472633869
"1400000US36047031100",8.96999198810581
"1400000US36047031300",8.31037633201474
"1400000US36047031400",11.523250206055
"1400000US36047031500",8.25317941677415
"1400000US36047031701",8.96018860263851
"1400000US36047031702",9.10350075359601
"1400000US36047031900",9.33821072081127
"1400000US36047032100",8.51821255905143
"1400000US36047032300",9.73647982961504
"1400000US36047032500",7.87764029354216
"1400000US36047032600",9.50949469957572
"1400000US36047032700",10.7765360570872
"1400000US36047032800",10.634166043149
"1400000US36047032900",8.21481648115436
"1400000US36047033000",10.2759623688705
"1400000US36047033100",8.61824168422588
"1400000US36047033300",9.51566476022344
"1400000US36047033500",10.0112812169788
"1400000US36047033600",9.75540319693788
"1400000US36047033700",9.61501472717444
"1400000US36047033900",9.25159624301825
"1400000US36047034000",9.74425306879432
"1400000US36047034100",9.77478474324597
"1400000US36047034200",8.80254919238672
"1400000US36047034300",8.23423354726206
"1400000US36047034500",9.6519401401317
"1400000US36047034700",8.94830061331754
"1400000US36047034800",11.270677731547
"1400000US36047034900",8.05741091830095
"1400000US36047035000",9.42701940102258
"1400000US36047035100",8.52007930316448
"1400000US36047035200",12.0043102517033
"1400000US36047035300",8.35705558205388
"1400000US36047035400",9.65791548166118
"1400000US36047035500",7.878604994674
"1400000US36047035601",7.00011356830666
"1400000US36047035602",8.32127764147945
"1400000US36047035700",10.1496638353836
"1400000US36047035900",8.39378367384119
"1400000US36047036001",8.30491420346571
"1400000US36047036002",7.21000047480077
"1400000US36047036100",9.58399917462233
"1400000US36047036200",9.21090451218777
"1400000US36047036300",9.82946104231881
"1400000US36047036400",10.0287678449057
"1400000US36047036501",9.6308579832542
"1400000US36047036502",10.537131705188
"1400000US36047036600",9.55406474606974
"1400000US36047036700",11.0287021851479
"1400000US36047036900",9.55951814558327
"1400000US36047037000",10.6759615945031
"1400000US36047037100",9.24377593063159
"1400000US36047037300",9.32177331666779
"1400000US36047037401",9.52833482361186
"1400000US36047037402",10.0446791399701
"1400000US36047037500",9.7509883456484
"1400000US36047037700",9.70680413514793
"1400000US36047037900",9.30926714032268
"1400000US36047038100",9.55817553572065
"1400000US36047038200",9.11233788673784
"1400000US36047038300",9.50677487658475
"1400000US36047038500",9.68816798958295
"1400000US36047038600",10.2548457680506
"1400000US36047038700",9.53917582417473
"1400000US36047038800",9.68666129155612
"1400000US36047038900",9.06197488675011
"1400000US36047039000",10.6027052052087
"1400000US36047039100",9.81600240783209
"1400000US36047039200",10.4316597583276
"1400000US36047039300",9.66392650030866
"1400000US36047039400",10.8068667152306
"1400000US36047039500",9.51050776558506
"1400000US36047039600",10.5070195649019
"1400000US36047039700",9.39175539806912
"1400000US36047039800",10.36975703295
"1400000US36047039900",8.98882428268822
"1400000US36047040000",9.97013069412278
"1400000US36047040100",9.3047126599431
"1400000US36047040200",10.4888594453854
"1400000US36047040300",10.0488901648279
"1400000US36047040400",10.4456341363946
"1400000US36047040500",10.9179338248842
"1400000US36047040600",9.85405502915162
"1400000US36047040700",13.0578262257047
"1400000US36047040800",9.42354242893196
"1400000US36047040900",9.70440071976511
"1400000US36047041000",10.2016495811014
"1400000US36047041100",9.15020561807474
"1400000US36047041200",9.74733000592265
"1400000US36047041300",9.2154245890982
"1400000US36047041401",10.7126540145288
"1400000US36047041402",10.864445934771
"1400000US36047041500",9.04156729772551
"1400000US36047041600",10.6716616091956
"1400000US36047041700",8.91795587609009
"1400000US36047041800",10.5109963315251
"1400000US36047041900",9.13760866110918
"1400000US36047042000",10.6756661480218
"1400000US36047042100",8.99491131176412
"1400000US36047042200",10.3127783543742
"1400000US36047042300",9.12686862874991
"1400000US36047042400",9.28334512085978
"1400000US36047042500",9.23991050515536
"1400000US36047042600",9.38610756358759
"1400000US36047042700",7.78205920186793
"1400000US36047042800",9.64382453121907
"1400000US36047042900",8.17441153335644
"1400000US36047043000",9.92055155352478
"1400000US36047043100",8.49120655713752
"1400000US36047043200",9.02034668405912
"1400000US36047043300",9.0992002451316
"1400000US36047043400",9.34829597531309
"1400000US36047043500",8.94190422426477
"1400000US36047043600",8.93002403305008
"1400000US36047043700",8.5975748470884
"1400000US36047043800",10.3171609669021
"1400000US36047043900",9.84589860072532
"1400000US36047044000",10.4953707314203
"1400000US36047044100",7.6715782820206
"1400000US36047044200",10.2110172043591
"1400000US36047044300",8.33425112515834
"1400000US36047044400",10.0010321990696
"1400000US36047044500",8.85159049667461
"1400000US36047044600",10.8102668497148
"1400000US36047044700",10.2430573580409
"1400000US36047044800",11.6240147305997
"1400000US36047044900",11.5931237687266
"1400000US36047045000",12.003907883578
"1400000US36047045200",10.4819977108051
"1400000US36047045300",10.7734536433072
"1400000US36047045400",10.2277186854523
"1400000US36047045600",10.3258459940806
"1400000US36047045800",11.2979632219684
"1400000US36047046000",9.81590898717013
"1400000US36047046201",9.44288552558576
"1400000US36047046202",10.6757083835186
"1400000US36047046400",9.89929362771433
"1400000US36047046800",11.49499042625
"1400000US36047047000",10.6602981691929
"1400000US36047047200",10.0933761863179
"1400000US36047047400",10.0706336109099
"1400000US36047047600",9.92782706273132
"1400000US36047047700",10.2476102479466
"1400000US36047047800",9.50720570893223
"1400000US36047048000",9.07389233250648
"1400000US36047048100",9.57299330768371
"1400000US36047048200",8.81893664971549
"1400000US36047048400",8.97697359455003
"1400000US36047048500",11.11155542203
"1400000US36047048600",9.88875930108125
"1400000US36047048800",8.65502381539194
"1400000US36047048900",6.97096787253466
"1400000US36047049000",8.62153081784582
"1400000US36047049100",8.49364631561505
"1400000US36047049200",9.57006405445297
"1400000US36047049300",8.1232968115582
"1400000US36047049400",8.95783566231487
"1400000US36047049500",9.05157369161793
"1400000US36047049600",9.73146148226432
"1400000US36047049700",9.94278418451285
"1400000US36047049800",10.3558355137796
"1400000US36047049900",10.8440666362083
"1400000US36047050000",9.73850076437543
"1400000US36047050100",9.83855506159457
"1400000US36047050202",10.6689910738609
"1400000US36047050300",9.37322520705157
"1400000US36047050400",10.2703125130878
"1400000US36047050500",9.00188826097667
"1400000US36047050600",8.64318006269455
"1400000US36047050700",10.1907198033238
"1400000US36047050801",6.92942065161447
"1400000US36047050803",7.67862447750545
"1400000US36047050804",6.59658525688015
"1400000US36047050900",8.77380609207017
"1400000US36047051001",6.41801124684353
"1400000US36047051002",7.23702578834756
"1400000US36047051100",9.11554748879236
"1400000US36047051200",7.3749816736705
"1400000US36047051300",9.74293851806833
"1400000US36047051400",7.40809605238627
"1400000US36047051500",10.9936703862444
"1400000US36047051601",7.07078018677576
"1400000US36047051602",7.48560620450133
"1400000US36047051700",10.9022343182685
"1400000US36047051800",10.0080184887251
"1400000US36047051900",10.0008245759039
"1400000US36047052000",9.37349691665532
"1400000US36047052300",7.66906392341258
"1400000US36047052500",8.76912667228193
"1400000US36047052600",9.00400462274258
"1400000US36047052700",7.92693795740641
"1400000US36047052800",10.8780748541001
"1400000US36047052900",9.27488855171934
"1400000US36047053000",9.9102619432424
"1400000US36047053100",7.09359144126727
"1400000US36047053200",10.4155836407859
"1400000US36047053300",8.14381499869723
"1400000US36047053400",9.26089118179683
"1400000US36047053500",8.3662105596307
"1400000US36047053700",9.46736010909724
"1400000US36047053800",8.99924950239093
"1400000US36047053900",8.99997006816382
"1400000US36047054200",9.28057098353419
"1400000US36047054300",12.0360062597599
"1400000US36047054400",10.0573063456704
"1400000US36047054500",7.14443750268786
"1400000US36047054600",9.51449025462476
"1400000US36047054700",8.70818200281335
"1400000US36047054800",10.6775654287153
"1400000US36047054900",10.16914154804
"1400000US36047055000",9.87595503718868
"1400000US36047055100",9.3630437333786
"1400000US36047055200",9.7732595026876
"1400000US36047055300",9.87669034169064
"1400000US36047055400",9.3734372924166
"1400000US36047055500",10.9702990269233
"1400000US36047055600",10.155699106042
"1400000US36047055700",11.8282796807605
"1400000US36047055800",10.819619767438
"1400000US36047056000",9.9736250671846
"1400000US36047056100",11.4761712837265
"1400000US36047056200",11.0364948255457
"1400000US36047056300",10.1938272103506
"1400000US36047056400",10.7237826637499
"1400000US36047056500",11.1567696636125
"1400000US36047056600",10.754371552801
"1400000US36047056800",10.8775348237069
"1400000US36047056900",10.9781108743878
"1400000US36047057000",10.6000628133988
"1400000US36047057100",9.35099188314296
"1400000US36047057200",9.44632890714978
"1400000US36047057300",10.2556026584897
"1400000US36047057400",10.53245746164
"1400000US36047057500",8.78182614308827
"1400000US36047057600",10.2355126169587
"1400000US36047057800",10.2384221425249
"1400000US36047057900",10.8364297077597
"1400000US36047058000",9.98633382246417
"1400000US36047058200",10.3322970427897
"1400000US36047058400",9.99733118202485
"1400000US36047058600",10.4216179130557
"1400000US36047058800",9.89734335480764
"1400000US36047058900",10.6171098034284
"1400000US36047059000",10.6220343147725
"1400000US36047059100",10.2877445721274
"1400000US36047059200",10.1862707622807
"1400000US36047059300",10.0212261906543
"1400000US36047059401",9.88633009781997
"1400000US36047059402",10.5265250954517
"1400000US36047059600",10.3148965102091
"1400000US36047059800",9.8992263711678
"1400000US36047060000",10.3774928972933
"1400000US36047060600",10.4938485306994
"1400000US36047060800",10.8703390378642
"1400000US36047061002",9.51905171398294
"1400000US36047061003",9.03411580973491
"1400000US36047061004",8.59729624835154
"1400000US36047061200",11.1010892654949
"1400000US36047061600",12.2743230364409
"1400000US36047062000",11.0863325247837
"1400000US36047062200",10.0214837109466
"1400000US36047062600",10.9752169779722
"1400000US36047062800",11.2006313118597
"1400000US36047063200",11.2853992820705
"1400000US36047063600",11.4268327059732
"1400000US36047063800",11.0307414962243
"1400000US36047064000",11.2970406005377
"1400000US36047064200",10.9099945385304
"1400000US36047064400",10.7828397034836
"1400000US36047064600",10.9347569898612
"1400000US36047064800",11.2313632690515
"1400000US36047065000",11.818802890662
"1400000US36047065200",11.960543448085
"1400000US36047065400",11.6550651425388
"1400000US36047065600",11.6236429889181
"1400000US36047065800",11.3449462275889
"1400000US36047066000",11.3905709856848
"1400000US36047066200",12.1381582410616
"1400000US36047066600",12.7050095153586
"1400000US36047067000",10.9812093470264
"1400000US36047067200",11.7330755433285
"1400000US36047067400",11.602857376297
"1400000US36047067600",11.1083119710688
"1400000US36047067800",9.947866639261
"1400000US36047068000",11.6865097203936
"1400000US36047068200",11.1600032972192
"1400000US36047068600",11.5882786367726
"1400000US36047068800",11.6596466949355
"1400000US36047069000",11.5572216713592
"1400000US36047069200",11.2464103655608
"1400000US36047069601",11.1974123424598
"1400000US36047069602",11.7817224048504
"1400000US36047069800",12.6497447999312
"1400000US36047070000",12.1543709883049
"1400000US36047070201",12.1451648308481
"1400000US36047070202",12.9555860122845
"1400000US36047070203",13.5133549639159
"1400000US36047070600",12.906361548786
"1400000US36047072000",10.1396630866442
"1400000US36047072200",10.7425984062986
"1400000US36047072400",11.3250523814886
"1400000US36047072600",11.6539273421988
"1400000US36047072800",10.1107299277519
"1400000US36047073000",11.251741421334
"1400000US36047073200",10.8998761431099
"1400000US36047073400",10.7330180080426
"1400000US36047073600",10.1358815417964
"1400000US36047073800",10.2591396066077
"1400000US36047074000",9.60188015143001
"1400000US36047074200",9.76417756612279
"1400000US36047074400",10.4841500016922
"1400000US36047074600",11.2935182486757
"1400000US36047074800",10.8039458042819
"1400000US36047075000",10.0399649695916
"1400000US36047075200",11.2889057519712
"1400000US36047075400",11.0217259636881
"1400000US36047075600",10.8697151029569
"1400000US36047075800",11.1972700539881
"1400000US36047076000",10.292337134702
"1400000US36047076200",9.35156026661137
"1400000US36047076400",9.53552798086475
"1400000US36047076600",9.12307474920587
"1400000US36047076800",10.7560557840205
"1400000US36047077000",10.1545569711199
"1400000US36047077200",11.0888658834708
"1400000US36047077400",9.79635898595614
"1400000US36047077600",9.59143134725511
"1400000US36047078000",10.5662229089847
"1400000US36047078200",9.47022962663332
"1400000US36047078400",10.2505456923733
"1400000US36047078600",9.18793419617871
"1400000US36047078800",9.5348550380494
"1400000US36047079000",9.09002748064401
"1400000US36047079200",9.92382335189535
"1400000US36047079400",11.2247083167993
"1400000US36047079601",8.08770809586893
"1400000US36047079602",8.16136276113539
"1400000US36047079801",10.1502609469392
"1400000US36047079802",7.32259080350727
"1400000US36047080000",9.86339778756235
"1400000US36047080200",9.47625973468151
"1400000US36047080400",10.1321587783671
"1400000US36047080600",9.74509506679649
"1400000US36047080800",11.7669265186696
"1400000US36047081000",10.4115560838546
"1400000US36047081400",10.4365157677735
"1400000US36047081600",10.5930179630019
"1400000US36047081800",9.01919993835373
"1400000US36047082000",8.22794684545567
"1400000US36047082200",7.52078331793652
"1400000US36047082400",9.62495525364644
"1400000US36047082600",8.98985206205606
"1400000US36047082800",9.41999649488918
"1400000US36047083000",8.98141933332553
"1400000US36047083200",10.8785060776302
"1400000US36047083400",11.0632875020806
"1400000US36047083600",11.2325094794945
"1400000US36047083800",10.8607816930524
"1400000US36047084000",10.8948185966786
"1400000US36047084600",11.0122985105257
"1400000US36047084800",10.9771833028251
"1400000US36047085000",11.6063394807
"1400000US36047085200",12.5962613519193
"1400000US36047085400",10.7332248778272
"1400000US36047085600",9.53331151477356
"1400000US36047085800",10.0180131542939
"1400000US36047086000",10.2851862105678
"1400000US36047086200",9.72872197698373
"1400000US36047086400",10.1834059224223
"1400000US36047086600",9.48043628554085
"1400000US36047086800",10.2000797783709
"1400000US36047087000",9.77358090179565
"1400000US36047087200",9.88449290962416
"1400000US36047087401",9.4230667719691
"1400000US36047087600",10.8240077302095
"1400000US36047087800",9.58921417682971
"1400000US36047088000",9.98749747618557
"1400000US36047088200",8.08771639856117
"1400000US36047088400",8.36079283305708
"1400000US36047088600",9.25680697472302
"1400000US36047088800",9.87061984907612
"1400000US36047089000",9.12769600926107
"1400000US36047089200",9.7040993584523
"1400000US36047089400",9.45744278249957
"1400000US36047089600",8.79162084471864
"1400000US36047089800",9.69436945345954
"1400000US36047090000",9.36469518697384
"1400000US36047090200",9.31999166730614
"1400000US36047090600",8.81134189558873
"1400000US36047090800",9.90441573464474
"1400000US36047091000",8.77401598865463
"1400000US36047091200",7.30793789959093
"1400000US36047091600",8.96314959699318
"1400000US36047091800",10.0905065566511
"1400000US36047092000",10.0497428885597
"1400000US36047092200",9.6100887490527
"1400000US36047092400",9.88091296815114
"1400000US36047092800",10.303802502012
"1400000US36047093000",10.7943399025233
"1400000US36047093200",11.9474174653317
"1400000US36047093400",10.6542993205696
"1400000US36047093600",10.9349415036934
"1400000US36047093800",9.8419704027368
"1400000US36047094401",11.3113198144417
"1400000US36047094402",9.24947168762358
"1400000US36047094600",11.5233550146726
"1400000US36047095000",10.9290507954244
"1400000US36047095400",10.0433271236443
"1400000US36047095600",10.3483469097444
"1400000US36047095800",10.6236840836762
"1400000US36047096000",12.7581448476815
"1400000US36047096200",11.3834236199756
"1400000US36047096400",11.0607175142694
"1400000US36047096600",11.7478463206066
"1400000US36047096800",11.6746840522913
"1400000US36047097000",11.2099473902747
"1400000US36047097400",11.0551736440695
"1400000US36047098200",10.3717691995366
"1400000US36047098400",9.61735753940672
"1400000US36047098600",9.58047265219103
"1400000US36047098800",9.99164792467679
"1400000US36047099000",12.0227687147359
"1400000US36047099200",11.5470427385702
"1400000US36047099400",11.4868083625676
"1400000US36047099600",10.3937745887157
"1400000US36047099800",11.280803037884
"1400000US36047100400",10.6421068804877
"1400000US36047100600",10.9416221588353
"1400000US36047100800",10.9023234503078
"1400000US36047101000",10.4312352179494
"1400000US36047101200",11.4135917147605
"1400000US36047101400",10.6667882568209
"1400000US36047101600",10.5585854460329
"1400000US36047101800",11.6020615792505
"1400000US36047102000",11.2054222528834
"1400000US36047102200",10.1199009067257
"1400000US36047102400",10.0164868186472
"1400000US36047102600",10.5190407772185
"1400000US36047102800",11.999185923858
"1400000US36047103400",11.8118151066848
"1400000US36047105801",9.93232335497981
"1400000US36047105804",11.4728990256526
"1400000US36047107000",12.4608652210176
"1400000US36047107800",10.9424229255821
"1400000US36047109800",11.8323797199601
"1400000US36047110400",11.1553600420273
"1400000US36047110600",9.01054915248253
"1400000US36047111000",8.49232264143335
"1400000US36047111600",10.9323258509449
"1400000US36047111800",10.0345649436493
"1400000US36047112000",9.67556919384592
"1400000US36047112200",9.47809603068258
"1400000US36047112400",9.84469922422019
"1400000US36047112600",9.58943418598626
"1400000US36047112800",9.51283215709133
"1400000US36047113000",9.63615959317316
"1400000US36047113200",10.6836889232739
"1400000US36047113400",9.3612638996065
"1400000US36047114201",11.8664076169553
"1400000US36047114202",9.52116308836306
"1400000US36047114400",10.7911102755335
"1400000US36047114600",10.3395992086127
"1400000US36047115000",10.0635610693207
"1400000US36047115200",9.72488775766034
"1400000US36047115600",8.66472730595652
"1400000US36047115800",9.74073883861706
"1400000US36047116000",10.1618908288713
"1400000US36047116200",10.4511216688631
"1400000US36047116400",10.562203882969
"1400000US36047116600",10.1986173814235
"1400000US36047116800",10.3212813123982
"1400000US36047117000",10.647181806373
"1400000US36047117201",9.65048086553654
"1400000US36047117202",8.91079036839711
"1400000US36047117400",9.70805875881859
"1400000US36047117601",10.1213099654407
"1400000US36047117602",9.66764048740504
"1400000US36047117800",10.6511431293308
"1400000US36047118000",12.6623619681334
"1400000US36047118201",9.35706960757146
"1400000US36047118202",9.1768902280561
"1400000US36047118400",9.19838044173792
"1400000US36047118600",9.73857462687319
"1400000US36047118800",9.38056271374638
"1400000US36047119000",10.5555679276512
"1400000US36047119200",10.6813941445096
"1400000US36047119400",9.81616751138607
"1400000US36047119600",10.170163619607
"1400000US36047119800",10.7556342414896
"1400000US36047120000",10.4451159163682
"1400000US36047120200",10.8572012553264
"1400000US36047120800",9.87182121816027
"1400000US36047121000",9.21565549368234
"1400000US36047121400",8.86413473596446
"1400000US36047122000",11.2617707032266
"1400000US36047123700",9.66336324649689
"1400000US36047150200",11.8441653366955
"1400000US36047152200",11.0722639403321
"1400000US36047990100",12.4513886865793
"1400000US36061000100",15.0521870276787
"1400000US36061000201",8.02678062617597
"1400000US36061000202",9.17771592614203
"1400000US36061000500",12.6636047968571
"1400000US36061000600",7.47489704468378
"1400000US36061000700",6.76000295191268
"1400000US36061000800",7.44996010360746
"1400000US36061000900",9.72691771243048
"1400000US36061001001",10.2452696259618
"1400000US36061001002",8.18710455607994
"1400000US36061001200",8.69631963637341
"1400000US36061001300",8.77313821643577
"1400000US36061001401",8.22834534484097
"1400000US36061001402",8.97711765980606
"1400000US36061001501",8.9616414548491
"1400000US36061001502",7.31768145321837
"1400000US36061001600",7.79755970461827
"1400000US36061001800",8.00702505625502
"1400000US36061002000",7.27663650225434
"1400000US36061002100",9.46496158323182
"1400000US36061002201",7.59883123855897
"1400000US36061002202",7.67837175411449
"1400000US36061002400",8.98022330737806
"1400000US36061002500",8.35705529243628
"1400000US36061002601",8.12072004224547
"1400000US36061002602",7.73709934875274
"1400000US36061002700",10.1025595399415
"1400000US36061002800",8.31268601221014
"1400000US36061002900",9.85817900302971
"1400000US36061003001",8.17772925648626
"1400000US36061003002",7.8603281436803
"1400000US36061003100",11.3924656775026
"1400000US36061003200",8.11269086178815
"1400000US36061003300",10.8890254771886
"1400000US36061003400",7.9070656841627
"1400000US36061003601",8.64958277412062
"1400000US36061003602",8.77898304907418
"1400000US36061003700",11.1102769447601
"1400000US36061003800",7.53949295393448
"1400000US36061003900",10.5518175366541
"1400000US36061004000",7.35542177776832
"1400000US36061004100",8.19396821743541
"1400000US36061004200",6.14793316004855
"1400000US36061004300",9.43659304701031
"1400000US36061004400",8.20198763492458
"1400000US36061004500",11.5414992662693
"1400000US36061004700",10.3702146626148
"1400000US36061004800",8.61274873059161
"1400000US36061004900",9.51709917235999
"1400000US36061005000",9.40710993278186
"1400000US36061005200",9.60173583771103
"1400000US36061005400",7.73757115500708
"1400000US36061005501",8.87310814647156
"1400000US36061005502",10.3085579061501
"1400000US36061005600",9.71559990880776
"1400000US36061005700",9.0092592827494
"1400000US36061005800",8.28813210669529
"1400000US36061005900",7.0372449288901
"1400000US36061006000",8.72691135625748
"1400000US36061006100",7.61128171057286
"1400000US36061006200",11.1071564924178
"1400000US36061006300",7.89235377122336
"1400000US36061006400",8.09468472748152
"1400000US36061006500",8.74772632801163
"1400000US36061006600",6.4620413207903
"1400000US36061006700",8.40851278090452
"1400000US36061006800",8.32762083439077
"1400000US36061006900",10.9542443254978
"1400000US36061007000",8.03641450889403
"1400000US36061007100",8.34182376856706
"1400000US36061007200",7.6881118948553
"1400000US36061007300",8.16606012072842
"1400000US36061007400",9.55655286445239
"1400000US36061007500",9.83368323483781
"1400000US36061007600",10.2015182303684
"1400000US36061007700",8.37961792734683
"1400000US36061007800",7.96587258303658
"1400000US36061007900",10.5283845671041
"1400000US36061008000",9.46952143801066
"1400000US36061008100",6.94275914321089
"1400000US36061008200",11.0832261598358
"1400000US36061008300",9.27236280539278
"1400000US36061008400",11.9966740091988
"1400000US36061008601",10.2608532095965
"1400000US36061008602",12.2929270359677
"1400000US36061008603",7.9079446896331
"1400000US36061008700",7.46208749841519
"1400000US36061008800",8.61160771783859
"1400000US36061008900",8.04928458479775
"1400000US36061009000",7.64980409652876
"1400000US36061009100",7.43506368042763
"1400000US36061009200",11.6098533680905
"1400000US36061009300",6.80991357253093
"1400000US36061009400",12.8959429840878
"1400000US36061009500",9.73459746994599
"1400000US36061009600",13.7638447454367
"1400000US36061009700",8.30220244352913
"1400000US36061009800",7.99738128583661
"1400000US36061009900",11.6585922932367
"1400000US36061010000",10.8512560281714
"1400000US36061010100",10.7170119156204
"1400000US36061010200",12.3357234355294
"1400000US36061010300",10.444074878911
"1400000US36061010400",11.4243153809889
"1400000US36061010601",6.74674397931246
"1400000US36061010602",8.83539876194148
"1400000US36061010800",7.15795758303972
"1400000US36061010900",12.1599889668242
"1400000US36061011000",8.13733028905753
"1400000US36061011100",9.34495768317569
"1400000US36061011201",9.78479155975295
"1400000US36061011202",10.9161284231528
"1400000US36061011203",9.9035335428934
"1400000US36061011300",11.9203587327058
"1400000US36061011401",10.2112215197404
"1400000US36061011402",9.22311608601691
"1400000US36061011500",9.68259285140558
"1400000US36061011600",11.2559255976931
"1400000US36061011700",9.87773158280551
"1400000US36061011800",7.67399409867911
"1400000US36061011900",11.6256075359202
"1400000US36061012000",9.9406273875046
"1400000US36061012100",6.2889988757207
"1400000US36061012200",10.6801106805532
"1400000US36061012400",6.79315354720914
"1400000US36061012500",10.5210578847879
"1400000US36061012600",5.83885840000358
"1400000US36061012700",7.30733821022599
"1400000US36061012800",8.74618788820463
"1400000US36061012900",9.91709423898969
"1400000US36061013000",10.0802803754725
"1400000US36061013100",10.4956368233067
"1400000US36061013200",6.71269669716535
"1400000US36061013300",7.75576636286723
"1400000US36061013400",6.29388718273378
"1400000US36061013500",10.2202489450572
"1400000US36061013600",5.60920441939447
"1400000US36061013700",8.25246294263675
"1400000US36061013800",5.8865357730445
"1400000US36061013900",6.53942667705942
"1400000US36061014000",7.89268705769228
"1400000US36061014200",9.9237753850583
"1400000US36061014300",12.5340630695589
"1400000US36061014401",5.93791814378516
"1400000US36061014402",8.23590674227716
"1400000US36061014500",8.0482935900297
"1400000US36061014601",6.76083374519978
"1400000US36061014602",5.74972021755131
"1400000US36061014700",7.27843290483871
"1400000US36061014801",7.05705763099535
"1400000US36061014802",6.66268456858169
"1400000US36061014900",7.54762652583364
"1400000US36061015001",8.11073964070948
"1400000US36061015002",8.04807075282884
"1400000US36061015100",9.2356120077605
"1400000US36061015200",8.29922427390527
"1400000US36061015300",6.83988609896628
"1400000US36061015400",5.14817710231442
"1400000US36061015500",7.3547994256918
"1400000US36061015601",5.10960262954658
"1400000US36061015602",9.33626205879236
"1400000US36061015700",6.39199052935625
"1400000US36061015801",7.20186845244453
"1400000US36061015802",5.63692746231414
"1400000US36061015900",6.92225647816687
"1400000US36061016001",8.87942078750281
"1400000US36061016002",5.92046297551473
"1400000US36061016100",7.93478979772233
"1400000US36061016200",8.59084895672649
"1400000US36061016300",9.66260005000505
"1400000US36061016400",8.01870122239144
"1400000US36061016500",8.90311728635995
"1400000US36061016600",7.42633952026027
"1400000US36061016700",9.00573645400617
"1400000US36061016800",9.07509832491808
"1400000US36061016900",7.65301021684129
"1400000US36061017000",7.27216154044791
"1400000US36061017100",8.1621148072116
"1400000US36061017200",8.62104724471998
"1400000US36061017300",7.00719068606634
"1400000US36061017401",6.80575573105606
"1400000US36061017402",7.65639303464318
"1400000US36061017500",7.41838210983324
"1400000US36061017700",6.87836689430085
"1400000US36061017800",9.63436021384111
"1400000US36061017900",7.59367523767104
"1400000US36061018000",7.80811600683081
"1400000US36061018100",6.04830976083407
"1400000US36061018200",7.6946789205675
"1400000US36061018300",8.14241943531478
"1400000US36061018400",7.3196986680727
"1400000US36061018500",8.70209123689864
"1400000US36061018600",7.15692729269074
"1400000US36061018700",8.46055928124856
"1400000US36061018800",7.19874776236923
"1400000US36061018900",7.63094634575625
"1400000US36061019000",8.62166027354129
"1400000US36061019100",8.60904670122427
"1400000US36061019200",9.65432252670103
"1400000US36061019300",7.00764395640273
"1400000US36061019400",7.39374952116562
"1400000US36061019500",8.36498399484211
"1400000US36061019600",9.10298456340084
"1400000US36061019701",11.7668519068615
"1400000US36061019702",7.32541170526014
"1400000US36061019800",11.1253524411699
"1400000US36061019900",7.53813008585457
"1400000US36061020000",9.84725702985374
"1400000US36061020101",8.2436375856121
"1400000US36061020102",7.00186700499064
"1400000US36061020300",9.66235193780258
"1400000US36061020500",10.554906841982
"1400000US36061020600",9.85644178189369
"1400000US36061020701",5.54892967173081
"1400000US36061020800",8.77610813218328
"1400000US36061020901",8.43839670550316
"1400000US36061021000",8.3217586086021
"1400000US36061021100",9.15277730993343
"1400000US36061021200",9.28534541417999
"1400000US36061021303",8.02239387226329
"1400000US36061021400",9.46425450453234
"1400000US36061021500",7.17827990395645
"1400000US36061021600",7.39426976668269
"1400000US36061021703",12.3192995951462
"1400000US36061021800",7.93252629924885
"1400000US36061021900",9.78014767580551
"1400000US36061022000",8.52185749486229
"1400000US36061022102",9.34701606121808
"1400000US36061022200",10.2823679000152
"1400000US36061022301",8.11456155587418
"1400000US36061022302",7.28351896738388
"1400000US36061022400",8.53050161656964
"1400000US36061022500",8.61996551755889
"1400000US36061022600",9.13392086382575
"1400000US36061022700",8.5321590471447
"1400000US36061022800",8.78919986390288
"1400000US36061022900",8.18415537309234
"1400000US36061023000",7.21685452009913
"1400000US36061023100",8.25829303736837
"1400000US36061023200",7.47120765122471
"1400000US36061023300",9.00678362495325
"1400000US36061023400",7.83336467070304
"1400000US36061023501",8.27823761340565
"1400000US36061023502",7.39112809069944
"1400000US36061023600",9.75290332674496
"1400000US36061023700",9.36713985067132
"1400000US36061023801",9.19867993922493
"1400000US36061023802",11.3807484680808
"1400000US36061023900",8.14090397573158
"1400000US36061024000",12.0800680917883
"1400000US36061024100",7.82902196947032
"1400000US36061024200",10.5584052687038
"1400000US36061024301",8.19002918706669
"1400000US36061024302",8.55630775736065
"1400000US36061024500",5.65480983440748
"1400000US36061024700",9.5111523741518
"1400000US36061024900",9.65805647050648
"1400000US36061025100",10.3917655412076
"1400000US36061025300",5.64883161415403
"1400000US36061025500",11.225720615564
"1400000US36061025700",8.84389470816981
"1400000US36061025900",7.16725812879044
"1400000US36061026100",4.86041096439392
"1400000US36061026300",6.41808279612337
"1400000US36061026500",8.15807428556783
"1400000US36061026700",7.22095487970194
"1400000US36061026900",6.94527105681003
"1400000US36061027100",7.85742753906988
"1400000US36061027300",8.89742611898092
"1400000US36061027500",12.0972766920946
"1400000US36061027700",7.42367136760626
"1400000US36061027900",6.35456957903839
"1400000US36061028100",9.32564556212715
"1400000US36061028300",6.7094964213342
"1400000US36061028500",6.10381738877246
"1400000US36061028700",12.0121222356485
"1400000US36061029100",6.34082615720136
"1400000US36061029300",6.42782976564548
"1400000US36061029500",7.06824611404541
"1400000US36061029700",12.8718815445815
"1400000US36061029900",11.7507498235981
"1400000US36061030300",9.36890820437331
"1400000US36061030700",7.73678716189003
"1400000US36061030900",9.37465672316687
"1400000US36061031100",12.2475821134357
"1400000US36061031703",8.50015468247784
"1400000US36061031704",8.31859518599675
"1400000US36061031900",11.4032295534625
"1400000US36081000100",11.3048976005706
"1400000US36081000200",10.5324778971265
"1400000US36081000400",10.1287151467397
"1400000US36081000600",10.3761236830847
"1400000US36081000700",10.4507556428774
"1400000US36081000800",10.3358920366541
"1400000US36081001000",9.97848138896844
"1400000US36081001200",10.8802252271824
"1400000US36081001400",10.7201006531099
"1400000US36081001600",10.0588498036406
"1400000US36081001800",9.96273114107261
"1400000US36081001900",11.3963405209574
"1400000US36081002000",10.7120140157182
"1400000US36081002200",10.7070573447944
"1400000US36081002400",10.8987960666233
"1400000US36081002500",7.28532522720528
"1400000US36081002600",11.1306746583235
"1400000US36081002800",10.683432020524
"1400000US36081003000",10.7937061970286
"1400000US36081003100",10.466987028797
"1400000US36081003200",11.1657053921477
"1400000US36081003300",10.5849763093917
"1400000US36081003400",11.0471693192073
"1400000US36081003600",10.0900675325847
"1400000US36081003700",12.169942118489
"1400000US36081003800",10.5572886320552
"1400000US36081003900",10.5192099064521
"1400000US36081004001",10.481216527966
"1400000US36081004002",10.7714392973106
"1400000US36081004200",9.92857766039273
"1400000US36081004300",9.97459280437173
"1400000US36081004401",10.6142306829418
"1400000US36081004500",10.5939773918424
"1400000US36081004700",9.29832862761737
"1400000US36081005000",12.4614132002048
"1400000US36081005100",9.73036109789793
"1400000US36081005200",9.87270674960422
"1400000US36081005300",8.5929790866805
"1400000US36081005400",10.835720265905
"1400000US36081005500",10.5672934915668
"1400000US36081005700",9.35768770600905
"1400000US36081005800",11.2472501508335
"1400000US36081005900",9.22576534007164
"1400000US36081006100",8.48777533433464
"1400000US36081006201",10.6244827602552
"1400000US36081006202",11.4620255102607
"1400000US36081006300",8.69593273818506
"1400000US36081006501",8.37317655968874
"1400000US36081006502",8.96473864500949
"1400000US36081006900",9.49940401568123
"1400000US36081007100",9.62794761840157
"1400000US36081007300",8.75439242530847
"1400000US36081007500",8.60344656762977
"1400000US36081007700",10.812003124347
"1400000US36081007900",9.50075917124434
"1400000US36081008100",10.9011275978072
"1400000US36081008300",10.2916927569194
"1400000US36081008500",11.048916980944
"1400000US36081008600",10.8999212326432
"1400000US36081008700",10.4058014294426
"1400000US36081008800",11.0513875041309
"1400000US36081009100",10.823489301924
"1400000US36081009400",10.1012632638439
"1400000US36081009500",10.5280445966272
"1400000US36081009600",10.4310540427241
"1400000US36081009700",10.0435814661915
"1400000US36081009800",9.74444775326978
"1400000US36081009900",12.5134972804277
"1400000US36081010000",10.4968249019364
"1400000US36081010100",10.1220947312626
"1400000US36081010200",11.0380825120993
"1400000US36081010300",9.95538692153862
"1400000US36081010400",10.1545293562612
"1400000US36081010500",9.3407394411479
"1400000US36081010600",9.68323831152292
"1400000US36081010701",12.3309088441895
"1400000US36081010800",9.71818736034831
"1400000US36081011000",10.1437059751804
"1400000US36081011100",9.58518396440332
"1400000US36081011200",10.7132435223724
"1400000US36081011300",9.19980364109661
"1400000US36081011400",10.9216233828424
"1400000US36081011500",10.5554913729791
"1400000US36081011600",10.5703834500975
"1400000US36081011700",9.9117473111737
"1400000US36081011800",10.2894333937978
"1400000US36081011900",10.38170842085
"1400000US36081012000",9.72691192129258
"1400000US36081012100",10.669607506129
"1400000US36081012200",10.3142415914554
"1400000US36081012301",12.1382218532559
"1400000US36081012400",10.5467617007168
"1400000US36081012500",10.8370213535906
"1400000US36081012601",10.4028690062749
"1400000US36081012602",10.248794170506
"1400000US36081012800",11.208997000667
"1400000US36081013000",11.7410425219259
"1400000US36081013200",11.6169280821778
"1400000US36081013400",9.26956554481841
"1400000US36081013500",11.1295099441961
"1400000US36081013600",10.6060195386967
"1400000US36081013700",11.1833650934143
"1400000US36081013800",9.71998836477832
"1400000US36081014000",10.2410947822772
"1400000US36081014100",10.9953722176209
"1400000US36081014201",9.85411784897282
"1400000US36081014202",11.5485564097254
"1400000US36081014300",8.55245857447221
"1400000US36081014400",10.8685635241304
"1400000US36081014500",9.76214038245229
"1400000US36081014700",9.40172491542183
"1400000US36081014800",10.215549043815
"1400000US36081014900",8.93147346362448
"1400000US36081015000",9.97859206793641
"1400000US36081015100",9.68550382574372
"1400000US36081015200",10.5700991236325
"1400000US36081015300",10.0428225595474
"1400000US36081015400",10.0876117538981
"1400000US36081015500",9.77721241813191
"1400000US36081015600",10.0121619718964
"1400000US36081015700",10.4511433121223
"1400000US36081015801",10.8450657620176
"1400000US36081015802",10.3174423843177
"1400000US36081015900",9.27448437856418
"1400000US36081016100",9.59535058835221
"1400000US36081016300",9.78955355097481
"1400000US36081016400",10.6490418110343
"1400000US36081016600",10.5465599524072
"1400000US36081016800",11.1833682155651
"1400000US36081016900",9.53107107285021
"1400000US36081017000",11.1154946968385
"1400000US36081017100",11.9666152998131
"1400000US36081017200",11.2602516723741
"1400000US36081017400",11.0660226087439
"1400000US36081017600",11.1870396262755
"1400000US36081017800",11.3260399953252
"1400000US36081017900",11.4919274656875
"1400000US36081018000",11.7380088360391
"1400000US36081018101",7.47009539455968
"1400000US36081018102",7.52349647724935
"1400000US36081018200",11.61309433042
"1400000US36081018300",8.73836858143604
"1400000US36081018401",11.3719072338966
"1400000US36081018402",11.3779979936063
"1400000US36081018501",8.01305788731031
"1400000US36081018502",7.99057278154674
"1400000US36081018600",11.6345466616103
"1400000US36081018700",10.0738965164302
"1400000US36081018800",11.8286575875589
"1400000US36081018900",10.1404485703258
"1400000US36081019000",11.2939712516392
"1400000US36081019200",11.4867454133902
"1400000US36081019400",11.5382688071479
"1400000US36081019600",11.0434965175515
"1400000US36081019800",10.6957633175206
"1400000US36081019900",11.2083050923765
"1400000US36081020200",11.228066124352
"1400000US36081020400",11.3827708650957
"1400000US36081020500",10.6866627932273
"1400000US36081020600",11.1288445697288
"1400000US36081020800",11.5284291388163
"1400000US36081021200",10.1971786398913
"1400000US36081021400",10.0296946289068
"1400000US36081021600",11.7697402120251
"1400000US36081021900",11.2932678476944
"1400000US36081022001",10.6417607072311
"1400000US36081022002",10.1367147858556
"1400000US36081022900",11.9110689267114
"1400000US36081023000",11.1630624442652
"1400000US36081023200",10.182701138015
"1400000US36081023500",8.00683856593612
"1400000US36081023600",10.3281278448171
"1400000US36081023800",8.28197516098837
"1400000US36081024000",9.36667835692328
"1400000US36081024300",11.2099025078273
"1400000US36081024500",9.99451739106281
"1400000US36081024600",12.0341647315176
"1400000US36081024700",10.4368681019576
"1400000US36081024900",8.92780124602365
"1400000US36081025100",9.35647279121715
"1400000US36081025301",7.88989026807075
"1400000US36081025302",8.65336754332855
"1400000US36081025400",10.634029580744
"1400000US36081025500",11.1620342304397
"1400000US36081025700",10.9228159066934
"1400000US36081025800",11.5962954649939
"1400000US36081025900",9.86320405336797
"1400000US36081026000",10.98584987989
"1400000US36081026100",8.34561465808773
"1400000US36081026200",11.265396772397
"1400000US36081026300",8.52615349842814
"1400000US36081026400",11.6159004483958
"1400000US36081026500",9.26534575098773
"1400000US36081026600",11.4995838136096
"1400000US36081026700",8.9234989588678
"1400000US36081026901",7.2246665305022
"1400000US36081026902",6.41017633593977
"1400000US36081027000",11.501791246367
"1400000US36081027100",5.91329786831602
"1400000US36081027200",11.0858807398311
"1400000US36081027300",7.84218235117335
"1400000US36081027400",10.963747228719
"1400000US36081027500",8.04464890507028
"1400000US36081027600",11.6716446507689
"1400000US36081027700",7.05558789264456
"1400000US36081027800",10.691866862131
"1400000US36081027900",8.26983617717154
"1400000US36081028000",11.4391649532614
"1400000US36081028100",8.54210948250293
"1400000US36081028200",11.716913433634
"1400000US36081028300",7.59766497613281
"1400000US36081028400",11.5640816065395
"1400000US36081028500",8.54283617507559
"1400000US36081028700",8.50075666430352
"1400000US36081028800",11.6412314589973
"1400000US36081028900",8.79406935729439
"1400000US36081029100",8.76980092907202
"1400000US36081029300",10.4972095202605
"1400000US36081029400",11.7948469573239
"1400000US36081029500",9.564012071919
"1400000US36081029700",11.672238525692
"1400000US36081029900",12.7250002060345
"1400000US36081030600",12.1776840394033
"1400000US36081030902",9.85032887062606
"1400000US36081030903",10.2019066326865
"1400000US36081030904",11.5392744383987
"1400000US36081031700",11.7084143525458
"1400000US36081032000",12.3171948095673
"1400000US36081032700",9.49211119567105
"1400000US36081032800",11.9118154810643
"1400000US36081032900",11.7135444375181
"1400000US36081033000",11.7982152156014
"1400000US36081033100",12.7612330390084
"1400000US36081033401",11.8723493269153
"1400000US36081033402",10.4936417516337
"1400000US36081033700",9.86046282537815
"1400000US36081033900",10.0955450737401
"1400000US36081034700",11.1046954062026
"1400000US36081035100",8.76863761365897
"1400000US36081035200",12.2724122188789
"1400000US36081035300",9.99901828727384
"1400000US36081035700",11.1520577531374
"1400000US36081035800",11.6244028214825
"1400000US36081036100",10.2064895195223
"1400000US36081036300",9.79441647289244
"1400000US36081036500",9.46933421608554
"1400000US36081036600",11.7036135060393
"1400000US36081036700",10.8987526725937
"1400000US36081036800",11.547580669788
"1400000US36081037100",12.130552349207
"1400000US36081037300",10.319664062335
"1400000US36081037500",9.53208683489694
"1400000US36081037600",11.9897977936454
"1400000US36081037700",8.88925319306244
"1400000US36081037900",8.40760654657977
"1400000US36081038100",8.27930544266641
"1400000US36081038301",10.4353229017934
"1400000US36081038302",11.4402073014958
"1400000US36081038400",11.6411553390098
"1400000US36081039400",11.6849085279976
"1400000US36081039800",11.67988613147
"1400000US36081039900",8.62267453971845
"1400000US36081040000",12.0644024225041
"1400000US36081040100",7.65068983785632
"1400000US36081040200",12.1183078298873
"1400000US36081040300",8.32195971818969
"1400000US36081040400",11.4602670596024
"1400000US36081040500",9.18691972031232
"1400000US36081040700",7.7516113947524
"1400000US36081040900",8.46631725892777
"1400000US36081041100",9.05647270682545
"1400000US36081041300",8.9931082858493
"1400000US36081041400",11.3357984303263
"1400000US36081041500",9.04707849709929
"1400000US36081042400",12.3213952071127
"1400000US36081042600",12.9320459205826
"1400000US36081042700",8.89248590677156
"1400000US36081043200",12.1545791364345
"1400000US36081043400",11.4088735052202
"1400000US36081043701",9.07848292517059
"1400000US36081043702",8.13122523213639
"1400000US36081043900",8.72693067097477
"1400000US36081044000",10.94721012915
"1400000US36081044301",8.55220594795242
"1400000US36081044302",9.4910381578905
"1400000US36081044400",11.7791478078001
"1400000US36081044601",10.261540805507
"1400000US36081044602",8.96608073643854
"1400000US36081044800",10.8150400377981
"1400000US36081045000",11.0556398008257
"1400000US36081045200",11.8850418122783
"1400000US36081045400",9.99313220717218
"1400000US36081045500",4.69626593799622
"1400000US36081045600",11.5932104798534
"1400000US36081045700",9.01658211886676
"1400000US36081045800",11.5510403944489
"1400000US36081045900",8.59004780269075
"1400000US36081046000",9.05927801021761
"1400000US36081046100",9.05707447738851
"1400000US36081046200",8.99514034660768
"1400000US36081046300",9.19750869575107
"1400000US36081046400",11.6525363709546
"1400000US36081046500",8.58937438599094
"1400000US36081046600",10.8807612575906
"1400000US36081046700",6.8339845470441
"1400000US36081046800",10.1526615352043
"1400000US36081046900",6.25572416304603
"1400000US36081047000",10.4880989590198
"1400000US36081047100",8.73806636071621
"1400000US36081047200",11.6162615709306
"1400000US36081047300",9.44429497408157
"1400000US36081047500",9.82035766328146
"1400000US36081047600",12.5506110182514
"1400000US36081047800",11.6722663881805
"1400000US36081047900",10.4660899252808
"1400000US36081048000",11.1377998919393
"1400000US36081048100",6.94613343861666
"1400000US36081048200",11.8143552940197
"1400000US36081048300",10.2509888453487
"1400000US36081048400",11.1209871139555
"1400000US36081048500",10.3880300620138
"1400000US36081048900",11.6230607135554
"1400000US36081049200",11.3986573827177
"1400000US36081049301",10.7563819086603
"1400000US36081049302",11.0850941694926
"1400000US36081049500",10.8703652942464
"1400000US36081049600",11.3207256946421
"1400000US36081049700",10.5054082869973
"1400000US36081049900",10.8791062593218
"1400000US36081050000",10.9384947473039
"1400000US36081050201",11.795735659102
"1400000US36081050202",11.8705966014829
"1400000US36081050400",11.7446638429109
"1400000US36081050500",9.25304090604416
"1400000US36081050600",12.2006765853766
"1400000US36081050700",10.955627050621
"1400000US36081050800",11.686454051238
"1400000US36081051000",11.5876833247218
"1400000US36081051100",11.1719531324602
"1400000US36081051200",11.8064153857075
"1400000US36081051300",11.2334438763243
"1400000US36081051500",11.4999621932714
"1400000US36081051600",11.431122523652
"1400000US36081051700",10.7789687280921
"1400000US36081051800",11.2778613295104
"1400000US36081052000",11.6775835004681
"1400000US36081052100",10.6269057870584
"1400000US36081052200",11.6366701558299
"1400000US36081052400",11.6328088630953
"1400000US36081052500",10.825473543289
"1400000US36081052600",11.44355765561
"1400000US36081052800",11.5597204664792
"1400000US36081053000",11.5459746981594
"1400000US36081053100",10.8951821407946
"1400000US36081053200",11.604714034792
"1400000US36081053401",11.523290039746
"1400000US36081053500",11.5130177846019
"1400000US36081053601",11.5769168835619
"1400000US36081053800",11.4725538752829
"1400000US36081053900",11.1799888678778
"1400000US36081054000",11.8121127282941
"1400000US36081054200",11.5068678194387
"1400000US36081054500",8.38396620298805
"1400000US36081054700",8.20516864818127
"1400000US36081054800",11.2605028325647
"1400000US36081054900",8.42811529765082
"1400000US36081055100",8.69105833711784
"1400000US36081055200",11.5848321893038
"1400000US36081055300",10.0782572257504
"1400000US36081055400",10.9925830495313
"1400000US36081055500",10.5541309409495
"1400000US36081055600",11.2510048657353
"1400000US36081055700",10.2642465090753
"1400000US36081055800",11.2127773928569
"1400000US36081055900",11.7811602984817
"1400000US36081056000",11.6165608209224
"1400000US36081056100",12.8839684891997
"1400000US36081056200",11.4236470021335
"1400000US36081056400",11.5576093681624
"1400000US36081056500",11.1420248398168
"1400000US36081056600",11.6785561701481
"1400000US36081056700",10.6075516714949
"1400000US36081056800",12.0324783025488
"1400000US36081057700",9.85792422218106
"1400000US36081057900",9.42292082902827
"1400000US36081058000",12.0577283926279
"1400000US36081058100",9.47821210567531
"1400000US36081058200",11.9130378071996
"1400000US36081058300",9.28254724277033
"1400000US36081058500",9.05403748898099
"1400000US36081058700",9.10868522476847
"1400000US36081058900",9.10903880093078
"1400000US36081059000",12.0619880272682
"1400000US36081059100",8.80696590490371
"1400000US36081059200",12.4125718857615
"1400000US36081059300",10.2110060364515
"1400000US36081059400",11.8181520853481
"1400000US36081059500",10.6529148402687
"1400000US36081059600",11.7934471585517
"1400000US36081059800",11.5580159654664
"1400000US36081059900",10.8700166829727
"1400000US36081060000",11.8764505633076
"1400000US36081060100",10.7688979827946
"1400000US36081060300",11.1850219720739
"1400000US36081060600",12.1655048000675
"1400000US36081060701",12.3692782239796
"1400000US36081060800",11.6004085277238
"1400000US36081061000",12.4083426541706
"1400000US36081061200",12.4400256831529
"1400000US36081061301",11.1344193174914
"1400000US36081061302",12.9916863495162
"1400000US36081061400",12.6563205643867
"1400000US36081061601",12.5446232015972
"1400000US36081061602",12.8549335915144
"1400000US36081061800",11.9816115236441
"1400000US36081061900",10.9276922481629
"1400000US36081062000",12.3969169360227
"1400000US36081062100",10.759817235608
"1400000US36081062200",12.4584578341651
"1400000US36081062300",10.8428400403511
"1400000US36081062400",13.7329096672508
"1400000US36081062500",11.2982640823077
"1400000US36081062600",12.1825557146118
"1400000US36081062700",10.5083197602761
"1400000US36081062900",10.4655749622518
"1400000US36081063000",11.9876762890239
"1400000US36081063200",11.8387167536521
"1400000US36081063301",10.6231013794384
"1400000US36081063302",10.5261527625524
"1400000US36081063500",9.9521055590271
"1400000US36081063700",11.0344298852942
"1400000US36081063800",11.9181285626284
"1400000US36081063900",9.99310793568344
"1400000US36081064101",10.0304984222594
"1400000US36081064102",12.5283172621171
"1400000US36081064500",11.1488206640512
"1400000US36081064600",11.7616530450232
"1400000US36081065000",11.8462052140692
"1400000US36081065400",12.0951990556416
"1400000US36081065501",12.5341708166466
"1400000US36081065600",11.6304069511
"1400000US36081065702",11.2860708764186
"1400000US36081065703",11.2466510674423
"1400000US36081065900",11.6234271715492
"1400000US36081066000",11.8941782493533
"1400000US36081066100",11.0492519803212
"1400000US36081066300",11.938396102286
"1400000US36081066400",12.709066576507
"1400000US36081066501",11.2549899601156
"1400000US36081066701",11.0385779686591
"1400000US36081066900",11.1167764479865
"1400000US36081067100",10.9779934237362
"1400000US36081067700",11.3831877856702
"1400000US36081067900",9.69408709130358
"1400000US36081068000",12.047139747037
"1400000US36081068200",12.1205365068578
"1400000US36081068300",9.65402872691556
"1400000US36081068700",8.92787640584143
"1400000US36081069000",11.7344810237833
"1400000US36081069300",8.54184537717756
"1400000US36081069400",12.321428483501
"1400000US36081069500",10.0012996520082
"1400000US36081069701",8.64613215365216
"1400000US36081069702",11.4495276895361
"1400000US36081070300",11.444312059617
"1400000US36081070700",10.9362347995545
"1400000US36081070900",10.7568785982831
"1400000US36081071100",10.2889885360083
"1400000US36081071303",7.9543734154573
"1400000US36081071304",7.6466383489046
"1400000US36081071305",7.70812429504713
"1400000US36081071306",8.07723449435991
"1400000US36081071600",12.5032789072579
"1400000US36081071701",9.05365326212292
"1400000US36081071702",9.31986225623842
"1400000US36081071900",10.2823733431616
"1400000US36081072100",8.69147641197126
"1400000US36081072300",11.7204122007821
"1400000US36081072900",11.5886587649687
"1400000US36081073100",11.444507042675
"1400000US36081073700",11.1004710254484
"1400000US36081073900",9.2411480650484
"1400000US36081074100",9.39661086578006
"1400000US36081074300",9.06833312924125
"1400000US36081074500",9.23799954532871
"1400000US36081074700",9.80086600032311
"1400000US36081074900",11.605773474421
"1400000US36081075701",8.66119959246147
"1400000US36081075702",9.65942289580891
"1400000US36081076901",9.09783124718321
"1400000US36081076902",10.1578105733354
"1400000US36081077300",11.2034287472631
"1400000US36081077500",10.9911017919021
"1400000US36081077902",11.3207157275875
"1400000US36081077903",11.5077632024961
"1400000US36081077904",10.2160931394641
"1400000US36081077905",11.3027038403859
"1400000US36081077906",10.1830381219979
"1400000US36081077907",10.166653121667
"1400000US36081077908",9.18885597618319
"1400000US36081078800",11.4698410489977
"1400000US36081079000",11.285130291814
"1400000US36081079200",11.6518320663401
"1400000US36081079300",12.63528473629
"1400000US36081079701",5.82781865026215
"1400000US36081079702",10.1016972061793
"1400000US36081079900",10.9293433300132
"1400000US36081080301",10.5655630961503
"1400000US36081080302",11.3880462777699
"1400000US36081080900",11.5987026246246
"1400000US36081081400",11.5931398127709
"1400000US36081081800",11.7573490178047
"1400000US36081083700",11.8323293475927
"1400000US36081083800",11.4486877238316
"1400000US36081084000",11.2470979072457
"1400000US36081084500",9.12202011465748
"1400000US36081084601",11.5943107392368
"1400000US36081084602",11.5911821151026
"1400000US36081084900",8.62510434598611
"1400000US36081085300",8.58053945784607
"1400000US36081085500",6.73112308607284
"1400000US36081085700",7.21716416519303
"1400000US36081085900",7.74479648687108
"1400000US36081086100",10.2981468984973
"1400000US36081086300",6.6785760466194
"1400000US36081086400",11.6200586329538
"1400000US36081086500",8.5589638975798
"1400000US36081086900",11.1038124082462
"1400000US36081087100",10.9919496957601
"1400000US36081088400",11.330488966945
"1400000US36081088901",9.89358230025823
"1400000US36081089200",12.2857704734887
"1400000US36081090700",12.0700251199861
"1400000US36081091601",12.7837617930971
"1400000US36081091602",12.8525266540484
"1400000US36081091800",13.22841612243
"1400000US36081091900",11.0338791218991
"1400000US36081092200",12.2444163361866
"1400000US36081092500",10.9556416182352
"1400000US36081092800",11.8071087604223
"1400000US36081092900",11.9292037111524
"1400000US36081093401",11.8908585539419
"1400000US36081093402",10.8931828799371
"1400000US36081093800",11.0132867521793
"1400000US36081093900",12.1026193273474
"1400000US36081094201",9.99416372988722
"1400000US36081094202",11.0519284523292
"1400000US36081094203",10.5151363224572
"1400000US36081094500",11.7985863079907
"1400000US36081094700",10.7829961506843
"1400000US36081095400",11.6398087198053
"1400000US36081096400",12.074227425596
"1400000US36081097202",11.3191955854794
"1400000US36081097203",12.9278330105285
"1400000US36081097204",11.6356859644342
"1400000US36081097300",11.8404175089347
"1400000US36081098100",12.3758557782968
"1400000US36081098700",12.5403868458097
"1400000US36081099100",11.9542080376956
"1400000US36081099200",12.2495780027354
"1400000US36081099701",12.4678178852426
"1400000US36081099703",11.5413633095187
"1400000US36081099704",11.3033269164233
"1400000US36081099705",12.1451685370457
"1400000US36081099801",10.617950017933
"1400000US36081099802",11.598800602974
"1400000US36081099900",12.565114958587
"1400000US36081100801",12.8481852105976
"1400000US36081100802",11.7496299848274
"1400000US36081101001",11.2947595846653
"1400000US36081101002",11.7084718241832
"1400000US36081101700",11.7743692751673
"1400000US36081102900",11.2277647412146
"1400000US36081103201",10.7415248426237
"1400000US36081103202",11.7008842867596
"1400000US36081103300",11.6386879768745
"1400000US36081103900",10.9050502090724
"1400000US36081104700",11.310634313893
"1400000US36081105900",12.0150952924997
"1400000US36081107201",11.957330305364
"1400000US36081107202",13.5225774336767
"1400000US36081108500",12.1215765174058
"1400000US36081109300",12.442667283407
"1400000US36081109700",12.0835857691595
"1400000US36081109900",11.5442300358624
"1400000US36081111300",12.3564719739483
"1400000US36081112300",11.4557056041529
"1400000US36081112900",11.496092979036
"1400000US36081113300",11.7254397878294
"1400000US36081113900",11.3352884895842
"1400000US36081114100",11.9139108566986
"1400000US36081114700",11.7030322537874
"1400000US36081115100",11.4969704218968
"1400000US36081115500",10.6198796775385
"1400000US36081115700",10.5332747581279
"1400000US36081115900",10.5064079995877
"1400000US36081116100",9.00760728775597
"1400000US36081116300",7.90206258811279
"1400000US36081116700",10.4423115546157
"1400000US36081117100",11.2159555703067
"1400000US36081117500",11.4136462789584
"1400000US36081118100",11.0296447722121
"1400000US36081118500",10.5836484590882
"1400000US36081118700",10.3243466767074
"1400000US36081118900",10.783452638673
"1400000US36081119100",10.2508152391844
"1400000US36081119300",11.0584747716968
"1400000US36081119500",11.3525807629658
"1400000US36081119900",11.3709203345856
"1400000US36081120100",11.3511513819122
"1400000US36081120300",11.7891868133603
"1400000US36081120500",10.7113282999961
"1400000US36081120700",12.1749385360782
"1400000US36081121100",13.1922310130495
"1400000US36081121500",11.5049895217343
"1400000US36081122300",11.2622669706738
"1400000US36081122701",9.93624327358385
"1400000US36081122702",9.80319843275488
"1400000US36081124100",11.3699446103716
"1400000US36081124700",11.3025572601348
"1400000US36081125700",10.6595740323653
"1400000US36081126500",11.602494797989
"1400000US36081126700",11.787918472779
"1400000US36081127700",11.9877965390255
"1400000US36081128300",12.7386694756113
"1400000US36081129102",12.1211651925271
"1400000US36081129103",11.0216684896833
"1400000US36081129104",11.4108502501479
"1400000US36081130100",12.0309154440546
"1400000US36081133300",11.8718929426434
"1400000US36081133900",11.7844706132511
"1400000US36081134100",11.6325721776409
"1400000US36081134700",11.3286030103199
"1400000US36081136700",11.2354223279018
"1400000US36081137700",11.1467336877207
"1400000US36081138501",11.7613704915206
"1400000US36081138502",12.7124434759825
"1400000US36081139900",12.2260295912784
"1400000US36081140300",11.9904555213285
"1400000US36081140901",12.1771553770978
"1400000US36081140902",11.614311106553
"1400000US36081141700",11.8706540324367
"1400000US36081142900",11.2595008503441
"1400000US36081143500",12.0524194499148
"1400000US36081144100",11.3902728507254
"1400000US36081144700",11.2899048422602
"1400000US36081145101",11.1297080375019
"1400000US36081145102",11.1699570860264
"1400000US36081145900",11.3264097642665
"1400000US36081146300",10.7630921887383
"1400000US36081146700",11.0608167205418
"1400000US36081147100",11.2933946586238
"1400000US36081147900",12.098529224833
"1400000US36081148300",12.8757701386664
"1400000US36081150701",11.8582175572521
"1400000US36081150702",11.8991454820881
"1400000US36081152901",12.0801033553853
"1400000US36081152902",11.8857572811208
"1400000US36081155101",12.2007534681029
"1400000US36081155102",12.0495754455082
"1400000US36081156700",12.9498861261971
"1400000US36081157101",12.2179634547449
"1400000US36081157102",12.1233562361428
"1400000US36081157901",12.207110875335
"1400000US36081157902",12.4799446297484
"1400000US36081157903",12.2121732735446
"1400000US36081161700",12.175047023937
"1400000US36081162100",11.6658672166216
"1400000US36081990100",13.4732051747832
"1400000US36085000300",10.0680193424148
"1400000US36085000600",12.8207861537905
"1400000US36085000700",11.021532411347
"1400000US36085000800",11.7001957132493
"1400000US36085000900",11.0859931808771
"1400000US36085001100",10.7053545864392
"1400000US36085001700",12.0011262428611
"1400000US36085001800",12.0966730624194
"1400000US36085002001",12.1677683558926
"1400000US36085002002",12.344188255293
"1400000US36085002100",11.9765742833568
"1400000US36085002700",11.8794333662425
"1400000US36085002900",11.8319808615422
"1400000US36085003300",12.6790973119514
"1400000US36085003600",12.2537654772326
"1400000US36085003900",12.693865323177
"1400000US36085004000",11.6529928521108
"1400000US36085004700",12.3768365353445
"1400000US36085005000",12.0899286156422
"1400000US36085005900",12.6153935343549
"1400000US36085006400",12.2919716772468
"1400000US36085006700",12.7144737541029
"1400000US36085007000",12.5394292726343
"1400000US36085007400",11.8568287469501
"1400000US36085007500",11.9930949095547
"1400000US36085007700",12.2403845098203
"1400000US36085008100",12.3038546553657
"1400000US36085008900",12.5109203672663
"1400000US36085009601",12.4215799630907
"1400000US36085009602",12.4784146442592
"1400000US36085009700",12.5966920905603
"1400000US36085010500",12.3212734786368
"1400000US36085011201",12.5690034488375
"1400000US36085011202",12.8257455258811
"1400000US36085011401",12.3196168181255
"1400000US36085011402",12.0411204042449
"1400000US36085012100",12.6468231751025
"1400000US36085012200",12.2179834308179
"1400000US36085012500",11.3863169221617
"1400000US36085012804",12.3158834993832
"1400000US36085012805",13.2655572780146
"1400000US36085012806",12.846591720182
"1400000US36085013201",13.1591627445532
"1400000US36085013203",12.042967331178
"1400000US36085013204",12.972427578185
"1400000US36085013301",10.0522935396378
"1400000US36085013302",12.0859730373252
"1400000US36085013400",12.6591441565811
"1400000US36085013800",13.0513557188894
"1400000US36085014100",10.5404180993357
"1400000US36085014604",12.1017407842168
"1400000US36085014605",12.2298988285034
"1400000US36085014606",12.7437663782878
"1400000US36085014607",11.9971435533228
"1400000US36085014608",11.8182704471716
"1400000US36085014700",12.6646883490847
"1400000US36085015100",11.6849891896605
"1400000US36085015400",13.5082806734942
"1400000US36085015601",12.3764286797441
"1400000US36085015602",12.6941351870125
"1400000US36085015603",12.7424103929285
"1400000US36085016901",12.2708766847856
"1400000US36085017005",12.8110414005506
"1400000US36085017007",12.9722912222091
"1400000US36085017008",12.2658977193517
"1400000US36085017009",12.6877722016639
"1400000US36085017010",12.0288648374923
"1400000US36085017011",12.2713601769347
"1400000US36085017012",12.5990646206434
"1400000US36085017300",12.1422597445141
"1400000US36085017600",12.9631859326942
"1400000US36085017700",12.8258702500106
"1400000US36085018100",13.0941546707204
"1400000US36085018701",11.9875901234885
"1400000US36085018702",11.6772213412862
"1400000US36085018901",12.0398426711717
"1400000US36085018902",11.838539388731
"1400000US36085019700",12.0277952368625
"1400000US36085019800",13.0693072955812
"1400000US36085020100",11.5598796614492
"1400000US36085020700",11.6473919031476
"1400000US36085020801",12.7894666815995
"1400000US36085020803",12.8375235338802
"1400000US36085020804",12.5660841875472
"1400000US36085021300",11.0790066059589
"1400000US36085022300",12.2654967097194
"1400000US36085022600",12.9669496254913
"1400000US36085022800",13.4844288474479
"1400000US36085023100",11.5672486098606
"1400000US36085023900",11.2512854941381
"1400000US36085024401",12.2793462555729
"1400000US36085024402",12.5897438910305
"1400000US36085024700",10.7870025086426
"1400000US36085024800",12.23739583311
"1400000US36085025100",11.7212207103814
"1400000US36085027301",12.4830099787177
"1400000US36085027302",12.1634049005934
"1400000US36085027702",14.0864857831275
"1400000US36085027704",12.0036792874963
"1400000US36085027705",12.0620246895859
"1400000US36085027706",11.9089777511259
"1400000US36085027900",13.6249227085057
"1400000US36085029102",12.168459034473
"1400000US36085029103",12.1486850539604
"1400000US36085029104",11.7124934072744
"1400000US36085030301",11.428770310451
"1400000US36085030302",11.6332286217047
"1400000US36085031901",11.4258200506982
"1400000US36085031902",11.8360423327372
"1400000US36085032300",12.2505867420108
